﻿yxbh,院系,rxnf,年级,zy,专业,bjbh,班级
00001,[1010]公共管理学院,2025,2025,2F8460C145584F1FBD9A11A782219039,国际事务与国际关系(中外合作办学),7E1A936057764F3A94BA738EFCD87B51,国务(中外合作办学)2501班
00001,[1010]公共管理学院,2025,2025,2F8460C145584F1FBD9A11A782219039,国际事务与国际关系(中外合作办学),A6C0EF8DB54048E38D9AE9F9888DED44,国务(中外合作办学)2502班
00001,[1010]公共管理学院,2025,2025,00005,行政管理,41E4BE6F8566468491FE18EB7235DAF7,行政管理2501班
00001,[1010]公共管理学院,2024,2024,2F8460C145584F1FBD9A11A782219039,国际事务与国际关系(中外合作办学),206F215E047F4FC5AB1A97AB4331849E,国务(中外合作办学)2401班
00001,[1010]公共管理学院,2024,2024,2F8460C145584F1FBD9A11A782219039,国际事务与国际关系(中外合作办学),7595285B3239484DB1F4650C8D526508,国务(中外合作办学)2402班
00001,[1010]公共管理学院,2024,2024,2F8460C145584F1FBD9A11A782219039,国际事务与国际关系(中外合作办学),C1680C27F7474B868093DF46553219FE,国务(中外合作办学)2403班
00001,[1010]公共管理学院,2024,2024,2F8460C145584F1FBD9A11A782219039,国际事务与国际关系(中外合作办学),76C80B96EB154DC5BE204B6A5DA2413F,国务(中外合作办学)2404班
00001,[1010]公共管理学院,2024,2024,00005,行政管理,3E92C57C40B8442AB94A67E2DD6C48C3,行政管理2401班
00001,[1010]公共管理学院,2023,2023,2F8460C145584F1FBD9A11A782219039,国际事务与国际关系(中外合作办学),7A430C7C791B49258D173A855FA3F06B,国务(中外合作办学)2301班
00001,[1010]公共管理学院,2023,2023,2F8460C145584F1FBD9A11A782219039,国际事务与国际关系(中外合作办学),DBA39441B7284BE49E8B034AA495BE3F,国务(中外合作办学)2302班
00001,[1010]公共管理学院,2023,2023,00005,行政管理,4D32F378D7414DF3B6137ABDE886FC88,行政管理2301班
00001,[1010]公共管理学院,2023,2023,32C11CB148B1401697B240304BE8C2D5,微专业 公务员知识与技能,3CC08F4EA79146BE967D0B1C92EBCED6,微专业公务员知识与技能2301班
00001,[1010]公共管理学院,2022,2022,2F8460C145584F1FBD9A11A782219039,国际事务与国际关系(中外合作办学),746D089671A743EAA6E3F4806904BFCF,国务(中外合作办学)2201班
00001,[1010]公共管理学院,2022,2022,2F8460C145584F1FBD9A11A782219039,国际事务与国际关系(中外合作办学),9C38F4ACE04D48BD8E33671BF4836151,国务(中外合作办学)2202班
00001,[1010]公共管理学院,2022,2022,00001,公共管理类,35969CA61C614EA88ABA3CF7E4E618BE,公共管理类2201班
00001,[1010]公共管理学院,2022,2022,00001,公共管理类,9EC2BE2D9BBE4D1289B0E018364F7852,公共管理类2202班
00001,[1010]公共管理学院,2022,2022,00005,行政管理,C052026EF0FF464496F3C951B46FA0CC,行政管理2201班
00002,[1020]文学院,2025,2025,00008,汉语言文学,DDDB1FAB54E1469496915565FCA2FD2C,汉语言文学2501班
00002,[1020]文学院,2024,2024,00150,中国语言文学类,10C37E53AB7547C9A918B0998F3A01F7,中国语言文学类2401班
00002,[1020]文学院,2024,2024,00150,中国语言文学类,7C84D2D60CFB403AA06B91E029D46697,中国语言文学类2402班
00002,[1020]文学院,2024,2024,00008,汉语言文学,83F5927446E14F319AF9B471E44B41FB,汉语言文学2401班
00002,[1020]文学院,2024,2024,00008,汉语言文学,AA9A008ED7304319AB9EEA95BE37169D,汉语言文学2402班
00002,[1020]文学院,2024,2024,00233,汉语言文学(国家基地班),F1FE77E4BF7B480C9878C8EA10B5FB11,汉语言文学(国家基地班)2401班
00002,[1020]文学院,2024,2024,00215,汉语国际教育,7F7EB0A53D84478386911677036F5275,汉语国际教育2401班
00002,[1020]文学院,2023,2023,00150,中国语言文学类,05EEB895C42C4F6C96BE90680596C472,中国语言文学类2301班
00002,[1020]文学院,2023,2023,00150,中国语言文学类,024B4E0899384F71896211894B453F0A,中国语言文学类2302班
00002,[1020]文学院,2023,2023,00008,汉语言文学,2D55CE3737604EA3B1A862845196C972,汉语言文学2301班
00002,[1020]文学院,2023,2023,00233,汉语言文学(国家基地班),F6A1C81678034365AC8FD98BF31CB661,汉语言文学(国家基地班)2301班
00002,[1020]文学院,2023,2023,00215,汉语国际教育,F4A79E9D930245F093141C0F90FD3C1A,汉语国际教育2301班
00002,[1020]文学院,2022,2022,00150,中国语言文学类,850615336F834F3192C867AF1639BDC9,中国语言文学类2201班
00002,[1020]文学院,2022,2022,00150,中国语言文学类,516B650786A944349CE94942CFED3D8B,中国语言文学类2202班
00002,[1020]文学院,2022,2022,586ED504883B48AAA3FC4D8521E62884,汉语言文学(师范类),9CE13A8517F440A5AD7CE5AAFEC3CD37,汉语言文学(师范类)2201班
00002,[1020]文学院,2022,2022,586ED504883B48AAA3FC4D8521E62884,汉语言文学(师范类),865DDF79E3484390AEA5CB001A154A1E,汉语言文学(师范类)2202班
00002,[1020]文学院,2022,2022,586ED504883B48AAA3FC4D8521E62884,汉语言文学(师范类),C397A21872364C258B97FAB2C1A40D4E,汉语言文学(师范类)2203班
00002,[1020]文学院,2022,2022,00228,编辑出版学,41F7C6543B28489BA86B0FCD517BFAA8,编辑出版学2201班
00002,[1020]文学院,2022,2022,00233,汉语言文学(国家基地班),9A4F4819E8B54BB0A68B36CAB1FC2CDE,汉语言文学(国家基地班)2201班
00002,[1020]文学院,2022,2022,00215,汉语国际教育,E10733EFB0AD4745B0642C4BB3AA465C,汉语国际教育2201班
00003,[1030]外国语学院,2025,2025,00015,英语,8BCD549CF0A249009E2CFC7CEB66A8D7,英语(语言服务与国际传播创新)2504班
00003,[1030]外国语学院,2025,2025,00014,英语(师范类),55473266949B4852B9ED3FC664F442B8,英语教育2501班
00003,[1030]外国语学院,2025,2025,00014,英语(师范类),AAF79E5EBA8F4CF59C3EC82F42008CF3,英语教育2502班
00003,[1030]外国语学院,2025,2025,00014,英语(师范类),9A919471C9B3457ABC8D4A1A7DFA4206,英语教育2503班
00003,[1030]外国语学院,2025,2025,00018,法语,B055372FA63847C2B42779008CEC08E1,法语2505班
00003,[1030]外国语学院,2025,2025,EA9D44FAED714F1380236D3C296E2C24,葡萄牙语,FD16189F0B5F40818EA0578CB793F419,葡萄牙语2506班
00003,[1030]外国语学院,2024,2024,00015,英语,E283B41C55994F2AB9BF0A3BAB887A51,英语(翻译)2405班
00003,[1030]外国语学院,2024,2024,00015,英语,9BE63A61F48546739B41A105F08EA270,英语(涉外法商)2404班
00003,[1030]外国语学院,2024,2024,00015,英语,ED1F01F15FC849DCA55A92F7B472B53F,英语2406班
00003,[1030]外国语学院,2024,2024,00014,英语(师范类),70CEAAA40A26471CB9CA6B3781E40129,英语教育2401班
00003,[1030]外国语学院,2024,2024,00014,英语(师范类),5A63304C5D874EB684ADEE01ADBE7536,英语教育2402班
00003,[1030]外国语学院,2024,2024,00014,英语(师范类),CEC0F10D303149A29B4F1304EACDB3B5,英语教育2403班
00003,[1030]外国语学院,2024,2024,00018,法语,8DB059CE0E204B8C989BE48F4F8D7689,法语2408班
00003,[1030]外国语学院,2024,2024,00016,日语,EF63BC6A8F394020813AC4EAB5480283,日语2407班
00003,[1030]外国语学院,2024,2024,EA9D44FAED714F1380236D3C296E2C24,葡萄牙语,34E35DAC745A498E944E75CE3DA5BAE8,葡萄牙语2409班
00003,[1030]外国语学院,2023,2023,00015,英语,EDD6A66C97C4402F93D4262033F8BF74,英语2304班
00003,[1030]外国语学院,2023,2023,00014,英语(师范类),F73BBF917CFE4C31A3ABD3EAEEA1ED32,英语教育2301班
00003,[1030]外国语学院,2023,2023,00014,英语(师范类),EE241F6D46514D82996265B8D2D6A01B,英语教育2302班
00003,[1030]外国语学院,2023,2023,00014,英语(师范类),FCEDEE3A74CA48808FD7400D198478D9,英语教育2303班
00003,[1030]外国语学院,2023,2023,00188,翻译,72354E044DC443F09A1351FEE226FA06,翻译2305班
00003,[1030]外国语学院,2023,2023,3C87A003F2584E6C9D90BC6A55771152,外国语言文学类,F5CBAD3A3562468AA4333DEC63FBC033,外国语言文学类2304班
00003,[1030]外国语学院,2023,2023,3C87A003F2584E6C9D90BC6A55771152,外国语言文学类,14327970285D4869BA3D13DDB2DD0E62,外国语言文学类2305班
00003,[1030]外国语学院,2023,2023,3C87A003F2584E6C9D90BC6A55771152,外国语言文学类,FE3A8BD3B03E41478DB06560232D6B60,外国语言文学类2306班
00003,[1030]外国语学院,2023,2023,00018,法语,A736282885D14D78A23A405FE4ABD9DD,法语2308班
00003,[1030]外国语学院,2023,2023,00016,日语,95218E7AE3B346359BBC6E8953DEA7B0,日语2307班
00003,[1030]外国语学院,2023,2023,EA9D44FAED714F1380236D3C296E2C24,葡萄牙语,E0B59386606C444DBDCAB05EAEC1BD6F,葡萄牙语2310班
00003,[1030]外国语学院,2023,2023,04D32B83510F44DCBF206C095380150C,微专业 涉外法商,A4259F83AC9449359E2FDE0BF92E08FA,微专业涉外法商2301班
00003,[1030]外国语学院,2022,2022,00015,英语,2C0F84F5663F4C8BB0DDB6CE27CFE5DE,英语2204班
00003,[1030]外国语学院,2022,2022,00014,英语(师范类),CA2E00F46B3048D8B5C4FA2FAF622B73,英语教育2201班
00003,[1030]外国语学院,2022,2022,00014,英语(师范类),ACF33F13CEE24B3B9FEA9E73AC86CF0E,英语教育2202班
00003,[1030]外国语学院,2022,2022,00014,英语(师范类),75A306A6506E447689C6FDC10CF73E0E,英语教育2203班
00003,[1030]外国语学院,2022,2022,00188,翻译,70A74974F77140B78ED39B93D8DC2872,翻译2205班
00003,[1030]外国语学院,2022,2022,00188,翻译,1DC0DC0971FB4F70908E21A217C6D115,翻译2206班
00003,[1030]外国语学院,2022,2022,3C87A003F2584E6C9D90BC6A55771152,外国语言文学类,70A74974F77140B78ED39B93D8DC2872,翻译2205班
00003,[1030]外国语学院,2022,2022,3C87A003F2584E6C9D90BC6A55771152,外国语言文学类,1DC0DC0971FB4F70908E21A217C6D115,翻译2206班
00003,[1030]外国语学院,2022,2022,00130,英语+国贸双学位,D6C2E7368437420398E283030F0DB648,外国语言文学类2204班
00003,[1030]外国语学院,2022,2022,00018,法语,6E5FAFE1D47F44029B494BD3C7F4F2B8,法语2208班
00003,[1030]外国语学院,2022,2022,00018,法语,E3CCB3DC9FAE4A6384AB02EFBC3C9BA9,法语2209班
00003,[1030]外国语学院,2022,2022,00016,日语,2B599148E1A04B1EA5C0EF4329C5F1DD,日语2207班
00003,[1030]外国语学院,2022,2022,EA9D44FAED714F1380236D3C296E2C24,葡萄牙语,A30BA1CA5BBC4A5085E1FE8EF9B76C86,葡萄牙语2210班
00004,[1040]数学与统计学学院,2025,2025,00019,数学类,9FBBBE6ECC2443D6AF36503F15E2152D,数学类2501班
00004,[1040]数学与统计学学院,2025,2025,00019,数学类,374293F845844513B7F4150161F19105,数学类2502班
00004,[1040]数学与统计学学院,2025,2025,00019,数学类,D2BBDF7261ED465195057509BBD785DD,数学类2503班
00004,[1040]数学与统计学学院,2025,2025,00019,数学类,1516E96AD1194FC6BDD76B636A96DACC,数学类2504班
00004,[1040]数学与统计学学院,2024,2024,00019,数学类,AAD1F31E5CFB4B119A4CCF75FD4D9ADC,数学类2401班
00004,[1040]数学与统计学学院,2024,2024,00019,数学类,2706E401CB7E41E98475347F3F91F88F,数学类2402班
00004,[1040]数学与统计学学院,2024,2024,00019,数学类,3A021DC5AF22405586881C081C742F65,数学类2403班
00004,[1040]数学与统计学学院,2024,2024,00019,数学类,694C0AC72C8D4E4BBD88F2B19F1A4AE0,数学类2404班
00004,[1040]数学与统计学学院,2024,2024,00020,数学与应用数学,A26591CE16D04AB2B34F6F4AFC8407C9,数学与应用数学(数据科学创新班)2403班
00004,[1040]数学与统计学学院,2024,2024,00020,数学与应用数学,53B6EC37CEBD433587D28530635521B6,数学与应用数学(数学密码)2402班
00004,[1040]数学与统计学学院,2024,2024,00020,数学与应用数学,852B8564742645E894307B62156354CA,数学与应用数学(数学强基)2401班
00004,[1040]数学与统计学学院,2024,2024,00022,信息与计算科学,B5CF7D278B704051ABCEC3D9FF13D042,信息与计算科学2401班
00004,[1040]数学与统计学学院,2023,2023,00019,数学类,9FA37CAEA03A44D7A4B966F60A81CC7F,数学类2301班
00004,[1040]数学与统计学学院,2023,2023,00019,数学类,80195DA2DC174159AA4A61C15504381A,数学类2302班
00004,[1040]数学与统计学学院,2023,2023,00020,数学与应用数学,61BDD259CC40446C97B35AADCFFE9C11,数学与应用数学(数学密码)2302班
00004,[1040]数学与统计学学院,2023,2023,00020,数学与应用数学,1E9F92F80CB14B80BE06C752B4AFFBBE,数学与应用数学(数学强基)2301班
00004,[1040]数学与统计学学院,2023,2023,00022,信息与计算科学,37A904A93E744976BC709D9C4B14D91D,信息与计算科学2301班
00004,[1040]数学与统计学学院,2023,2023,B349A600ED0E4AD5B8D7658F6F7F0F27,应用统计学,79AB377F1D314D29A82E0ACD404A5A78,应用统计学2301班
00004,[1040]数学与统计学学院,2022,2022,00019,数学类,2431CE1DC4C743359E8C5CD72D32521B,数学类2201班
00004,[1040]数学与统计学学院,2022,2022,00019,数学类,8D3118E5BE3F4209A4EDAE10CE0061E9,数学类2202班
00004,[1040]数学与统计学学院,2022,2022,00020,数学与应用数学,A405F8D780C44D3692F34A54917CC61D,数学与应用数学(数学密码)2202班
00004,[1040]数学与统计学学院,2022,2022,00020,数学与应用数学,6B9E6CEC2F594EB99956AC19C3A9BCB9,数学与应用数学(数学强基)2201班
00004,[1040]数学与统计学学院,2022,2022,00022,信息与计算科学,CB4AA0C5DF0545BCA981E5FED3EA2C5F,信息与计算科学2201班
00004,[1040]数学与统计学学院,2022,2022,B349A600ED0E4AD5B8D7658F6F7F0F27,应用统计学,0DA4C9C50C4F4FCC84CC3F4C323141B7,应用统计学2201班
00004,[1040]数学与统计学学院,2022,2022,B8F6463DF4C5438A967E2A0D729EB172,数学与应用数学(师范类),C92666C178B74599BB9C9EBED2AFCBC3,数学与应用数学(师范类)2201班
00004,[1040]数学与统计学学院,2022,2022,B8F6463DF4C5438A967E2A0D729EB172,数学与应用数学(师范类),617104F575FF497FA881DDCF996476B6,数学与应用数学(师范类)2202班
00005,[1050]物理学院,2025,2025,00025,物理学,338964B99111484697A771622FD6F1F4,物理学2501班
00005,[1050]物理学院,2025,2025,C471B08FF9A24341AC98DEAA481F6150,量子信息科学,8DE581C536DA4989977868DC1C76A274,量子信息科学2501班
00005,[1050]物理学院,2025,2025,C471B08FF9A24341AC98DEAA481F6150,量子信息科学,1C649D3344ED403AA3FA7FB13D5CC7CA,量子信息科学2502班
00005,[1050]物理学院,2024,2024,00025,物理学,3A302601F2274D9589D154AA72C38E09,物理学2401班
00005,[1050]物理学院,2024,2024,00025,物理学,DA3F88AA020E451380E1943DE0350C36,物理学2402班
00005,[1050]物理学院,2024,2024,C471B08FF9A24341AC98DEAA481F6150,量子信息科学,293D2D481F294C528254B644F79702B9,量子信息科学2401班
00005,[1050]物理学院,2024,2024,C471B08FF9A24341AC98DEAA481F6150,量子信息科学,1EF54A79C907485A97D6401B9AA7E028,量子信息科学2402班
00005,[1050]物理学院,2024,2024,04E4120C58684EACAF5EFE1933105D38,辅修 物理学,C3C8D47D065F409180455433E18143CB,辅修物理学2401班
00005,[1050]物理学院,2023,2023,00025,物理学,9CF9F0FDB50D401E9EDAF8233C69AD83,物理学2301班
00005,[1050]物理学院,2023,2023,00025,物理学,29E3F0A90F854316AA334C8508ACA526,物理学2302班
00005,[1050]物理学院,2023,2023,C471B08FF9A24341AC98DEAA481F6150,量子信息科学,C0FF44C4F0AA40D5B60AADCD918A5AB8,量子信息科学2301班
00005,[1050]物理学院,2023,2023,04E4120C58684EACAF5EFE1933105D38,辅修 物理学,FDA2DB59C0B3499B9ACFBEF439DA536A,辅修物理学2301班
00005,[1050]物理学院,2022,2022,00025,物理学,0D7FF21E711248BAAD479AE7C54D30C2,物理学2201班
00005,[1050]物理学院,2022,2022,6B5DE0B4C7A84405926C2575EFD9FF21,物理学(师范类),44E42CC746FF47E0812EB02AEEA046A9,物理学(师范类)2201班
00005,[1050]物理学院,2022,2022,6B5DE0B4C7A84405926C2575EFD9FF21,物理学(师范类),D60436FFAB9B43C3BAA2835A1FF88429,物理学(师范类)2202班
00005,[1050]物理学院,2022,2022,04E4120C58684EACAF5EFE1933105D38,辅修 物理学,F9A07051813747C3A3513FA382FB4F23,辅修物理学2201班
00006,[1060]化学化工学院,2025,2025,00189,化学类,F8DF52C57E9B4D47915D6D0E2F3F5C94,化学类2501班
00006,[1060]化学化工学院,2025,2025,00189,化学类,57D57498BE7E4DA58B0725B06C068C19,化学类2502班
00006,[1060]化学化工学院,2025,2025,00189,化学类,9E8D295422964387A9A28F72807E14AE,化学类2503班
00006,[1060]化学化工学院,2025,2025,00036,化学工程与工艺,943AE0946D3744D584C1BEB235ED062A,化学工程与工艺2501班
00006,[1060]化学化工学院,2025,2025,00036,化学工程与工艺,53B8D57D170843A7B5781E89841D1746,化学工程与工艺2502班
00006,[1060]化学化工学院,2024,2024,00033,化学,806CAFD6ECDA48EF892D26A064203333,化学2401班
00006,[1060]化学化工学院,2024,2024,00034,应用化学,20222F69062C469B84F998D44D21856E,应用化学2401班
00006,[1060]化学化工学院,2024,2024,00034,应用化学,05B41887654D4B53BF31F5A85FBED5E6,应用化学2402班
00006,[1060]化学化工学院,2024,2024,00189,化学类,3B439310900B465DA4EC30E0BD91128A,化学类2401班
00006,[1060]化学化工学院,2024,2024,00189,化学类,2001D527982E47D1930B279017C4DD04,化学类2402班
00006,[1060]化学化工学院,2024,2024,00189,化学类,641807E19DF64AE783403B2BD29936B7,化学类2403班
00006,[1060]化学化工学院,2024,2024,00189,化学类,AABC42E17A424901B25FECA8653DABBA,化学类2404班
00006,[1060]化学化工学院,2024,2024,00036,化学工程与工艺,C3553D1796394E6290C03119DD9CA48B,化学工程与工艺2401班
00006,[1060]化学化工学院,2024,2024,00036,化学工程与工艺,B79A86ED7DD54EF5AD68172715F30185,化学工程与工艺2402班
00006,[1060]化学化工学院,2024,2024,00037,化学生物学,86F6BD3B48C74EE3B67BFDDD4EDF2B1C,化学生物学2401班
00006,[1060]化学化工学院,2024,2024,325E0EE202B64E8FB0F825EA79EEDC64,辅修 化学,2EE86E48F8DB44EF9C518D91293DBE9C,辅修化学2401班
00006,[1060]化学化工学院,2023,2023,00033,化学,4BAFF0CA25CB4646986B33E7EDFF6ED1,化学2301班
00006,[1060]化学化工学院,2023,2023,00034,应用化学,591CFA317046433FB53BD02DC3A7D702,应用化学2301班
00006,[1060]化学化工学院,2023,2023,00034,应用化学,694AB7F5D73D465B82C5EE5CBF84D005,应用化学2302班
00006,[1060]化学化工学院,2023,2023,00189,化学类,A458106EC50E4515B6F456ACFF872330,化学类2301班
00006,[1060]化学化工学院,2023,2023,00189,化学类,4CE2818961F74FFABEAAC13E46E5E785,化学类2302班
00006,[1060]化学化工学院,2023,2023,00189,化学类,75E218979E2D4C7CA6A512E28ABD06C3,化学类2303班
00006,[1060]化学化工学院,2023,2023,00036,化学工程与工艺,4F918007CFF14BABBC0B166426908348,化学工程与工艺2301班
00006,[1060]化学化工学院,2023,2023,00036,化学工程与工艺,4AA1948FFC264362BD7F1FCD4CC25C49,化学工程与工艺2302班
00006,[1060]化学化工学院,2023,2023,00037,化学生物学,F23BBC31D0524D48A2B3346C7CA6D7DA,化学生物学2301班
00006,[1060]化学化工学院,2023,2023,325E0EE202B64E8FB0F825EA79EEDC64,辅修 化学,D79D1BDCEAFC4A55A90C32EC4D106B55,辅修化学2301班
00006,[1060]化学化工学院,2022,2022,00033,化学,0BA56827C6454319BDD7846A6DEC2AFB,化学2201班
00006,[1060]化学化工学院,2022,2022,00034,应用化学,231C2E25DE8F4699A77998D053950E8F,应用化学2201班
00006,[1060]化学化工学院,2022,2022,30E206C002ED4B61BCACC0D9378A494C,化学(师范类),9C9C31FC20644E76A980CC917A6CFBD7,化学(师范类)2201班
00006,[1060]化学化工学院,2022,2022,30E206C002ED4B61BCACC0D9378A494C,化学(师范类),52D6FB7EE7C543B59653CF12975E90EE,化学(师范类)2202班
00006,[1060]化学化工学院,2022,2022,00189,化学类,13B5A346682D4349B0E61B9ACC166533,化学类2201班
00006,[1060]化学化工学院,2022,2022,00189,化学类,12FD91F86C1A49FFA102A6BDCD203605,化学类2202班
00006,[1060]化学化工学院,2022,2022,00189,化学类,2B519EBCDF87439889A0D0012D8A70CE,化学类2203班
00006,[1060]化学化工学院,2022,2022,00036,化学工程与工艺,1BDAD9B1886B48929CEA9F431B9E9CC7,化学工程与工艺2201班
00006,[1060]化学化工学院,2022,2022,00190,化工与制药类,0C5A47AD08C14E77A6BF3C7B991C71C4,化工与制药类2201班
00006,[1060]化学化工学院,2022,2022,00190,化工与制药类,656DFED59D3B4F709E52A5BCE66E6220,化工与制药类2202班
00006,[1060]化学化工学院,2022,2022,00190,化工与制药类,40A05BC3628B479A91408D8DB5A0BC4F,化工与制药类2203班
00006,[1060]化学化工学院,2022,2022,00037,化学生物学,978402D4906B42DB8628F453C4A3E33C,化学生物学2201班
00007,[1070]生命科学学院,2025,2025,00039,生物科学类,AB823BCD233249659C4B442FDF112DC3,生物科学类2501班
00007,[1070]生命科学学院,2025,2025,00039,生物科学类,65B66287E2F5435DAB3D769545BE9858,生物科学类2502班
00007,[1070]生命科学学院,2025,2025,00039,生物科学类,6C45C914896F4DF7A0FBB832DACADD0F,生物科学类2503班
00007,[1070]生命科学学院,2025,2025,00039,生物科学类,DE73E737FB6B4526908572B9B0E2C107,生物科学类2504班
00007,[1070]生命科学学院,2025,2025,00043,生物工程,83C1B8C0816A4EBF969EC74B3A88B6C3,生物工程2501班
00007,[1070]生命科学学院,2025,2025,00043,生物工程,376B8C882A804FB18845C06E84A80345,生物工程2502班
00007,[1070]生命科学学院,2025,2025,7E6B92895ACD4887959806904BBF00E6,合成生物学,2BF95C5A77FB4A15AFACB58007E3949E,合成生物学2501班
00007,[1070]生命科学学院,2025,2025,7E6B92895ACD4887959806904BBF00E6,合成生物学,8D3199939B0E44B095566559671C10B5,合成生物学2502班
00007,[1070]生命科学学院,2024,2024,00039,生物科学类,3FF804F39DB149BAB59BAAFF95567282,生物科学类2401班
00007,[1070]生命科学学院,2024,2024,00039,生物科学类,54E59B0B2B7B4386BEEF7C685348FAD4,生物科学类2402班
00007,[1070]生命科学学院,2024,2024,00039,生物科学类,B005F23952504BE1871803B4E654D34E,生物科学类2403班
00007,[1070]生命科学学院,2024,2024,00039,生物科学类,CB5DE9E178C74CAD9119EC0851028640,生物科学类2404班
00007,[1070]生命科学学院,2024,2024,00039,生物科学类,B1F65B6E140248D9AA1A2087D60BAE24,生物科学类2405班
00007,[1070]生命科学学院,2024,2024,00039,生物科学类,49A964927FD94BB8BE5C5ACE31C2968D,生物科学类2406班
00007,[1070]生命科学学院,2024,2024,280EB1B27753405E8C1E3905C2A16421,生物科学,31795068A500467D8F6CB64FE44A0973,生物科学(国重)2402班
00007,[1070]生命科学学院,2024,2024,280EB1B27753405E8C1E3905C2A16421,生物科学,632AA14E1BEA46EF9BB230E5C13B12B0,生物科学(国重)2403班
00007,[1070]生命科学学院,2024,2024,280EB1B27753405E8C1E3905C2A16421,生物科学,3F8DCBBE091043ABA7D25F684725FDFE,生物科学(试验)2401班
00007,[1070]生命科学学院,2024,2024,DFC841FE04D74D5EAA2943C12A98E6AB,生物科学(拔尖创新),B76003E49479473EAD03AAFF4A2089E8,生物科学(拔尖创新)2404班
00007,[1070]生命科学学院,2024,2024,00043,生物工程,03470FFDCD554515B56ED7EB684E18C4,生物工程2401班
00007,[1070]生命科学学院,2024,2024,00043,生物工程,53150244A5354456B53EF953172DABF1,生物工程2402班
00007,[1070]生命科学学院,2024,2024,BCAA25E1B42D4786A90C9DD6CD417A91,生物信息学,ECC12BAE9482437781C84EBD202D2E0E,生物信息学(大数据)2401班
00007,[1070]生命科学学院,2024,2024,BCAA25E1B42D4786A90C9DD6CD417A91,生物信息学,890EB6E957314208B5C959830D85AA77,生物信息学(国重)2402班
00007,[1070]生命科学学院,2024,2024,7E6B92895ACD4887959806904BBF00E6,合成生物学,EC092CDA06BA4C9E91E93FD945C356AB,合成生物学2401班
00007,[1070]生命科学学院,2024,2024,7E6B92895ACD4887959806904BBF00E6,合成生物学,47B820770B294CD89F3989058E1AEB1B,合成生物学2402班
00007,[1070]生命科学学院,2023,2023,00039,生物科学类,EDE48DB6D5E646AEA8C6B42B64C1C204,生物科学类2301班
00007,[1070]生命科学学院,2023,2023,00039,生物科学类,8C3957BFC0764F39AD09CF906C5F0603,生物科学类2302班
00007,[1070]生命科学学院,2023,2023,00039,生物科学类,017BC458B7024CB2AAAAF6A8198F37B8,生物科学类2303班
00007,[1070]生命科学学院,2023,2023,00039,生物科学类,1E6EC959FFC44B65A55C4A59EE499B93,生物科学类2304班
00007,[1070]生命科学学院,2023,2023,00039,生物科学类,C2CC01FACC394EBCBD0E167F79A4CA18,生物科学类2305班
00007,[1070]生命科学学院,2023,2023,00039,生物科学类,0F7DDCD7CFEC4DE79ED7C52A7B14D258,生物科学类2306班
00007,[1070]生命科学学院,2023,2023,00042,生物技术,B4A34C2BF57D4227B1026A8FDA7F8EFA,生物技术(国重)2302班
00007,[1070]生命科学学院,2023,2023,00222,生物技术(产业计划),3A740862DB974A9DBB3EA96DBA25576F,生物技术(产业)2301班
00007,[1070]生命科学学院,2023,2023,280EB1B27753405E8C1E3905C2A16421,生物科学,C9DE45B0318C48808BC7726B3608650F,生物科学(国重)2302班
00007,[1070]生命科学学院,2023,2023,280EB1B27753405E8C1E3905C2A16421,生物科学,816CFBBC8BAE4214BBE221B6C0835B2C,生物科学(试验)2301班
00007,[1070]生命科学学院,2023,2023,DFC841FE04D74D5EAA2943C12A98E6AB,生物科学(拔尖创新),5C8C813A01F0419F837042E40F7B97B6,生物科学(拔尖创新)2303班
00007,[1070]生命科学学院,2023,2023,00043,生物工程,38C6B070D26E4D8DBE966663C45C6FFB,生物工程2301班
00007,[1070]生命科学学院,2023,2023,00043,生物工程,FE05A4606F65420EA13FAEE6AF87D36C,生物工程2302班
00007,[1070]生命科学学院,2023,2023,BCAA25E1B42D4786A90C9DD6CD417A91,生物信息学,8C14FBEFE6374FAB8A9BBBBC27D0621E,生物信息学(大数据)2301班
00007,[1070]生命科学学院,2023,2023,BCAA25E1B42D4786A90C9DD6CD417A91,生物信息学,6683E03BDE3A41BFBC8DAAE3EAD25D56,生物信息学(国重)2302班
00007,[1070]生命科学学院,2023,2023,793FA8072A2042F1A3BD998722F1D9CC,微专业 现代病毒学技术,F5418A141EC14DABAB7908496DD1689A,微专业现代病毒学技术2301班
00007,[1070]生命科学学院,2022,2022,00039,生物科学类,78F6A3D50FD245F683714400C62E127F,生物科学类2201班
00007,[1070]生命科学学院,2022,2022,00039,生物科学类,ED79863E5EF94188A75094C0A158E54E,生物科学类2202班
00007,[1070]生命科学学院,2022,2022,00039,生物科学类,4B19B2345028475F95E00A45A54A7CF3,生物科学类2203班
00007,[1070]生命科学学院,2022,2022,00039,生物科学类,51566D926B664E83B14D82596B3D1A8B,生物科学类2204班
00007,[1070]生命科学学院,2022,2022,00039,生物科学类,4F7EA04FBCCB4A5B9D1A44CA56769536,生物科学类2205班
00007,[1070]生命科学学院,2022,2022,00039,生物科学类,69E534334CA0464AA6A69616E69BFD58,生物科学类2206班
00007,[1070]生命科学学院,2022,2022,00041,生物科学(师范类),DED8BDA38695487392F2A94D89C80B3D,生物科学(师范)2201班
00007,[1070]生命科学学院,2022,2022,00041,生物科学(师范类),761E5E5E72314F908B51D79060B7B364,生物科学(师范)2202班
00007,[1070]生命科学学院,2022,2022,00042,生物技术,FCDE1AA9971F4C988B7DDF687A2960C1,生物技术(国重)2202班
00007,[1070]生命科学学院,2022,2022,00222,生物技术(产业计划),301F3E11577B4AD2922EC765174B2FB9,生物技术(产业)2201班
00007,[1070]生命科学学院,2022,2022,280EB1B27753405E8C1E3905C2A16421,生物科学,66AEF85AB429407A9627DF13BF33956E,生物科学(国重)2202班
00007,[1070]生命科学学院,2022,2022,280EB1B27753405E8C1E3905C2A16421,生物科学,9486D3C2DBA2440D86025B49814B47F4,生物科学(试验)2201班
00007,[1070]生命科学学院,2022,2022,00043,生物工程,6E738BB20B6E46A49D40158A7D1172DE,生物工程2201班
00007,[1070]生命科学学院,2022,2022,00043,生物工程,2F506A7A6D4D4E5A9A91E0F9803DA02C,生物工程2202班
00007,[1070]生命科学学院,2022,2022,BCAA25E1B42D4786A90C9DD6CD417A91,生物信息学,809E667D4D3B44B0AE6BCC78E0452AF3,生物信息学(大数据)2201班
00007,[1070]生命科学学院,2022,2022,BCAA25E1B42D4786A90C9DD6CD417A91,生物信息学,6A64CA16249E43C68503E9963347AF6E,生物信息学(国重)2202班
00008,[1080]资源环境学院,2025,2025,00232,地理信息科学,AF5759EB5C584C6EB84DBB50163AC078,地理信息科学(时空智能与低空经济创新)2501班
00008,[1080]资源环境学院,2025,2025,00048,环境工程,34991B1ABD9143AAB27F4BD02F098ABB,环境工程2501班
00008,[1080]资源环境学院,2025,2025,00202,环境工程(中外合作办学),370F659A5D6A429FABDEE4E479442A0C,环境工程(中外合作办学)2501班
00008,[1080]资源环境学院,2024,2024,00232,地理信息科学,3790E92E4A1E44DD8CD0BDF63D1707ED,地理信息科学2401班
00008,[1080]资源环境学院,2024,2024,00048,环境工程,726078FBB2EC4566834D75706AAA22B2,环境工程2401班
00008,[1080]资源环境学院,2024,2024,00202,环境工程(中外合作办学),DD112DE62F644A568DE97A60C844BE55,环境工程(中外合作办学)2401班
00008,[1080]资源环境学院,2024,2024,00202,环境工程(中外合作办学),4617E3E1C43443648875246DCC749792,环境工程(中外合作办学)2402班
00008,[1080]资源环境学院,2024,2024,0057756172DC448E805659F735BFE937,生态学,0D3F93FE5E544413997AAEE555179CFA,生态学2401班
00008,[1080]资源环境学院,2023,2023,5B7D40E2EEB04AB7A55846B3BFC3785D,地理科学类,FBDEBE91101E4E45986B5057CE99D7F1,地理科学类2301班
00008,[1080]资源环境学院,2023,2023,5B7D40E2EEB04AB7A55846B3BFC3785D,地理科学类,B99752CBCB1846608101B657D764C50F,地理科学类2302班
00008,[1080]资源环境学院,2023,2023,00232,地理信息科学,421ABF5E7C314E7F92D41A1E4A9BA8C7,地理信息科学2301班
00008,[1080]资源环境学院,2023,2023,00048,环境工程,AF3D33C2C52646628548D0AE09C1F470,环境工程2301班
00008,[1080]资源环境学院,2023,2023,00202,环境工程(中外合作办学),A32AD6A8C7DF42D3A1687590A5F96547,环境工程(中外合作办学)2301班
00008,[1080]资源环境学院,2023,2023,00202,环境工程(中外合作办学),8DB27A057CE244B5AB8DF27390E50921,环境工程(中外合作办学)2302班
00008,[1080]资源环境学院,2023,2023,0057756172DC448E805659F735BFE937,生态学,92A84AA2B4C44017BF5C6CA087F51817,生态学2301班
00008,[1080]资源环境学院,2023,2023,ABB1892A0534496ABB7C38ABB9357B35,微专业 无人机应用技术,7A630E115E3341A48487BD696FCA31D4,微专业无人机应用技术2301班
00008,[1080]资源环境学院,2022,2022,5B7D40E2EEB04AB7A55846B3BFC3785D,地理科学类,2347932CA417400B9D431AD65D80764D,地理科学类2201班
00008,[1080]资源环境学院,2022,2022,5B7D40E2EEB04AB7A55846B3BFC3785D,地理科学类,5FB2E229217942AC9D306B7247EC2342,地理科学类2202班
00008,[1080]资源环境学院,2022,2022,00232,地理信息科学,8F39296D71A5419C838B968187841F2E,地理信息科学2201班
00008,[1080]资源环境学院,2022,2022,F0F92CDF85544B6DBB18AF591E8374C7,地理科学(师范类),5A18D2410C0547B6B8D0BD6EB49CBC17,地理科学(师范类)2201班
00008,[1080]资源环境学院,2022,2022,00048,环境工程,8F7A850E49154A4EB5FF5CEBDD89B479,环境工程2201班
00008,[1080]资源环境学院,2022,2022,00202,环境工程(中外合作办学),E7B1AB040CBA442D94ED602690C27E2E,环境工程(中外合作办学)2201班
00008,[1080]资源环境学院,2022,2022,00202,环境工程(中外合作办学),063F5576052B41EC917697DBFCED56A1,环境工程(中外合作办学)2202班
00008,[1080]资源环境学院,2022,2022,0057756172DC448E805659F735BFE937,生态学,889B3003FDA445A2910FE9FE6537B787,生态学2201班
00009,[1090]体育学院,2025,2025,00050,体育教育,BA73C410712D480F99D48C6EBFC6B3D8,体育教育2501班
00009,[1090]体育学院,2025,2025,00050,体育教育,7E3EB11B819946D3982639C188A73D85,体育教育2502班
00009,[1090]体育学院,2025,2025,00214,社会体育指导与管理,579062FB9EE5400481BF6AD5D6D03410,社会体育指导与管理2501班
00009,[1090]体育学院,2025,2025,D61E567A164E4920901370373220542F,运动训练,3C027C861C9C45899CC75A2CAE942145,运动训练2501班
00009,[1090]体育学院,2024,2024,00050,体育教育,5C671B547B28414CBAD263D25C2153C6,体育教育2401班
00009,[1090]体育学院,2024,2024,00050,体育教育,9DF60A0144F443918AE39ABA54E4DB37,体育教育2402班
00009,[1090]体育学院,2024,2024,00214,社会体育指导与管理,40BD519312BF44418697F284C4BA81B6,社会体育指导与管理2401班
00009,[1090]体育学院,2024,2024,00214,社会体育指导与管理,AECE15D9FFBA4940929B8B320CD79E74,社会体育指导与管理2402班
00009,[1090]体育学院,2024,2024,26FE1C134AF04F6EBF0963301F5C3820,辅修 体育教育,E0A8654064DA4B8293D98D1880A1F7AA,辅修体育教育2401班
00009,[1090]体育学院,2023,2023,00049,体育学类,81312D5C7E604D3FA09772C93E2D8C77,体育学类2301班
00009,[1090]体育学院,2023,2023,00049,体育学类,BA8A967A77A54415A60A2180D394B67D,体育学类2302班
00009,[1090]体育学院,2023,2023,00050,体育教育,3DC6438902734587B6F417653876DFAF,体育教育2301班
00009,[1090]体育学院,2023,2023,00050,体育教育,6E6AEC1DADE34F2C9659B85D63AF5C7A,体育教育2302班
00009,[1090]体育学院,2023,2023,00051,运动人体科学,4AA07554A5284140BC09E3F8D7CF5BF3,运动人体科学2301班
00009,[1090]体育学院,2023,2023,00214,社会体育指导与管理,2F494B3462F6434085BD14C205061B0F,社会体育指导与管理2301班
00009,[1090]体育学院,2023,2023,00214,社会体育指导与管理,14745FD5347040E381F9D6D7D02E46AE,社会体育指导与管理2302班
00009,[1090]体育学院,2023,2023,26FE1C134AF04F6EBF0963301F5C3820,辅修 体育教育,FB780BF3B3FD4F82B47E7D3B61A1FD61,辅修体育教育2301班
00009,[1090]体育学院,2022,2022,00049,体育学类,7C9E87129EFC47E89D73B16617FC8F36,体育学类2201班
00009,[1090]体育学院,2022,2022,00049,体育学类,0843993CAD4744AAB8D61F5FCA87FA6E,体育学类2202班
00009,[1090]体育学院,2022,2022,00050,体育教育,C4DAEE22D76144FB833139F744215124,体育教育2201班
00009,[1090]体育学院,2022,2022,00050,体育教育,82024BC3E12A414C994A511F69A16A16,体育教育2202班
00009,[1090]体育学院,2022,2022,00051,运动人体科学,F8870B84B4314737BA56CE6E2D202A5F,运动人体科学2201班
00009,[1090]体育学院,2022,2022,00214,社会体育指导与管理,1E3FA97DD180415C90380CFA96EBE516,社会体育指导与管理2201班
00009,[1090]体育学院,2022,2022,00220,休闲体育,16C9C2C900F1490189A95EE2FA54D49B,休闲体育2201班
00009,[1090]体育学院,2022,2022,26FE1C134AF04F6EBF0963301F5C3820,辅修 体育教育,1B5C5026B9EB4C9189D0D013463C2561,辅修体育教育2201班
00009,[1090]体育学院,2022,2022,ED4AEC4A59FF47F1A2107764C8E29F52,辅修 运动人体科学,83A5E7EB3CCA4762A5B4BB9E1F439692,辅修运动人体科学2201班
00010,[1100]历史文化学院,2025,2025,582F56AC4CBE421789BDA19041A46543,文物与博物馆学,1B3880926F624F109E71C641846A231A,文物与博物馆学2501班
00010,[1100]历史文化学院,2025,2025,CAE64757DAA34B22B021703AA6B33B9A,文化遗产,427677DA21E64456BA485375F3BD3DC4,文化遗产2501班
00010,[1100]历史文化学院,2025,2025,D773C8B9830E4D83971EDA54317FE47D,考古学,A61A6B9E287949F4B2296089A0B68511,考古学2501班
00010,[1100]历史文化学院,2025,2025,00054,档案学,0B23DA42E40A4F2884DC94747D545DDE,档案学2501班
00010,[1100]历史文化学院,2024,2024,582F56AC4CBE421789BDA19041A46543,文物与博物馆学,A0511DBFFF6E491BBCAB0ADEEB69C887,文物与博物馆学2401班
00010,[1100]历史文化学院,2024,2024,CAE64757DAA34B22B021703AA6B33B9A,文化遗产,49D206BA04C04002BA176CF1DE9330B7,文化遗产2401班
00010,[1100]历史文化学院,2024,2024,D773C8B9830E4D83971EDA54317FE47D,考古学,2F69D3E8945E4285AD77C090B6B0A1EB,考古学2401班
00010,[1100]历史文化学院,2024,2024,00054,档案学,A641F772990C4C84B806E4CA41B67BE1,档案学2401班
00010,[1100]历史文化学院,2023,2023,582F56AC4CBE421789BDA19041A46543,文物与博物馆学,0789A70083D1455A90704AE356398823,文物与博物馆学2301班
00010,[1100]历史文化学院,2023,2023,CAE64757DAA34B22B021703AA6B33B9A,文化遗产,B8C5A4BFD0A248009B710253CA3ABFCB,文化遗产2301班
00010,[1100]历史文化学院,2023,2023,D773C8B9830E4D83971EDA54317FE47D,考古学,2C0C7EF74C944FB8A08FDA27994F038D,考古学2301班
00010,[1100]历史文化学院,2023,2023,00054,档案学,D36C8D2BE4B24E339F4A6B5FEC5CFB60,档案学2301班
00010,[1100]历史文化学院,2022,2022,582F56AC4CBE421789BDA19041A46543,文物与博物馆学,82BE171979654D3B8A43A10A1DB38217,文物与博物馆学2201班
00010,[1100]历史文化学院,2022,2022,CAE64757DAA34B22B021703AA6B33B9A,文化遗产,91079EB41F604E3BBEEAF5C303D52B31,文化遗产2201班
00010,[1100]历史文化学院,2022,2022,2A3E599B025C41658423B3CB8564A2EB,历史学(师范类),578D62627F25450985785882297336E8,历史学(师范类)2201班
00010,[1100]历史文化学院,2022,2022,00054,档案学,7F4E1B37BB8E49F99A7828208BB33FAF,档案学2201班
00011,[1110]师范学院,2025,2025,00200,教育学,678D607601984B19877A3D5F8C67959F,教育学2501班
00011,[1110]师范学院,2025,2025,D96D2FB5BE104CB59D70EACB6C725B33,心理学(师范),FAB93DCA84124609A8D1BB8E27A5D716,心理学(师范)2501班
00011,[1110]师范学院,2025,2025,5F5DD0D1DAB1440192B26272ECC79C14,汉语言文学(师范),4E6E70A150F54099AB82F9AC533A6340,汉语言文学(师范)2501班
00011,[1110]师范学院,2025,2025,5F5DD0D1DAB1440192B26272ECC79C14,汉语言文学(师范),1B1DECE37DDA440DBD29B20557B63FDA,汉语言文学(师范)2502班
00011,[1110]师范学院,2025,2025,6FFEAFF5D9EC4CFABD1F5619F866C19F,数学与应用数学(师范),98A1B79753EC407084EAAF4526DA555A,数学与应用数学(师范)2501班
00011,[1110]师范学院,2025,2025,6FFEAFF5D9EC4CFABD1F5619F866C19F,数学与应用数学(师范),294AC91C3280414299E592505FD50D19,数学与应用数学(师范)2502班
00011,[1110]师范学院,2025,2025,6FFEAFF5D9EC4CFABD1F5619F866C19F,数学与应用数学(师范),28D3A32F118943438D83AD21D02C79AE,数学与应用数学(师范)2503班
00011,[1110]师范学院,2025,2025,F2867FB4A85E4537B7A6C9449188ACF1,物理学(师范),7DC48D9A9712492D96F49D919235E3B1,物理学(师范)2501班
00011,[1110]师范学院,2025,2025,F2867FB4A85E4537B7A6C9449188ACF1,物理学(师范),FF1230C806064F0CBF88652434D8BCC8,物理学(师范)2502班
00011,[1110]师范学院,2025,2025,F46AC0BD5878411A875FFB4F2363648D,历史学(师范),7C526AB2776D4C7B8DE6804267A72A4A,历史学(师范)2501班
00011,[1110]师范学院,2025,2025,F46AC0BD5878411A875FFB4F2363648D,历史学(师范),4A4EFFED813C4214906378E535F36D38,历史学(师范)2502班
00011,[1110]师范学院,2025,2025,5D7FE7AD38EE459790B17F8E2BE03E32,化学(师范),E0CE6DB39C0F4802A3A2C9CF3A401081,化学(师范)2501班
00011,[1110]师范学院,2025,2025,5D7FE7AD38EE459790B17F8E2BE03E32,化学(师范),4FFF1B62B4974D919663489C4446E04F,化学(师范)2502班
00011,[1110]师范学院,2025,2025,F7EB33EA290B4EE5B96D5E4704A97B55,生物科学(师范),B8F6A3D7A8AB44BCBAA0D3FE4DF18C5F,生物科学(师范)2501班
00011,[1110]师范学院,2025,2025,F7EB33EA290B4EE5B96D5E4704A97B55,生物科学(师范),B2ECD8FEC9AA40C2A468DE667D0BF8BB,生物科学(师范)2502班
00011,[1110]师范学院,2025,2025,F71F5BE37D3B43988E174841082FEFC2,地理科学(师范),A98845978CC74D7792B12A7F1BE51D36,地理科学(师范)2501班
00011,[1110]师范学院,2025,2025,F71F5BE37D3B43988E174841082FEFC2,地理科学(师范),6DC7B968894E4795B0E1C668B671291A,地理科学(师范)2502班
00011,[1110]师范学院,2025,2025,6D7F57B5E61A42769923E5F93336A66B,汉语言文学(优师),E2CC22A7F52443D9897CA73B300F0130,汉语言文学(优师)2503班
00011,[1110]师范学院,2025,2025,8758327815DC45EBA3EAD64B588DDE5F,数学与应用数学(优师),78D6EC00DCD3405D9852D12E7E9EB3DD,数学与应用数学(优师)2504班
00011,[1110]师范学院,2025,2025,B13C02EFBFEF4BBBB0845E5E6B21D339,物理学(优师),05467CAA98A64C3488085D1FF5958F47,物理学(优师)2503班
00011,[1110]师范学院,2024,2024,00200,教育学,C4E1AEBD13C44B429318F6272E431F53,教育学2401班
00011,[1110]师范学院,2024,2024,3BBF4CCE8F494E41AEEC318A2F26FCA9,教育技术学(师范类),A83665B8F56B4CAB816E0278B49072E6,教育技术学(师范类)2401班
00011,[1110]师范学院,2024,2024,D96D2FB5BE104CB59D70EACB6C725B33,心理学(师范),AE2C564056A44952BE3F252F1453A2BA,心理学(师范)2401班
00011,[1110]师范学院,2024,2024,5F5DD0D1DAB1440192B26272ECC79C14,汉语言文学(师范),1BE02B52E27D43DD916DE2C1CBA6DB1A,汉语言文学(师范)2401班
00011,[1110]师范学院,2024,2024,5F5DD0D1DAB1440192B26272ECC79C14,汉语言文学(师范),D50BE8B46E49482BA733FBC53E73D468,汉语言文学(师范)2402班
00011,[1110]师范学院,2024,2024,6FFEAFF5D9EC4CFABD1F5619F866C19F,数学与应用数学(师范),7C8CE5B9A9FD46E2B825A64ADE9D8CC5,数学与应用数学(师范)2401班
00011,[1110]师范学院,2024,2024,6FFEAFF5D9EC4CFABD1F5619F866C19F,数学与应用数学(师范),32956D3CD16D48CCA9EB483AE9D9EAC4,数学与应用数学(师范)2402班
00011,[1110]师范学院,2024,2024,F2867FB4A85E4537B7A6C9449188ACF1,物理学(师范),993BB7590EBE48A2AFD0DBEF0D8A9CA2,物理学(师范)2401班
00011,[1110]师范学院,2024,2024,F2867FB4A85E4537B7A6C9449188ACF1,物理学(师范),E310D1CC39C54691BDC9EED0BE91C42A,物理学(师范)2402班
00011,[1110]师范学院,2024,2024,F46AC0BD5878411A875FFB4F2363648D,历史学(师范),33F3EA62ED19438AA2A2EE7127235807,历史学(师范)2401班
00011,[1110]师范学院,2024,2024,F46AC0BD5878411A875FFB4F2363648D,历史学(师范),AE0019440FB84D06B0D27AAFBF326963,历史学(师范)2402班
00011,[1110]师范学院,2024,2024,5D7FE7AD38EE459790B17F8E2BE03E32,化学(师范),935FAE350C73443BBB51B9D1AEC09DE5,化学(师范)2401班
00011,[1110]师范学院,2024,2024,5D7FE7AD38EE459790B17F8E2BE03E32,化学(师范),9AEEE087177D4830A2587523BCBF5A3A,化学(师范)2402班
00011,[1110]师范学院,2024,2024,F7EB33EA290B4EE5B96D5E4704A97B55,生物科学(师范),713B61BE99574E048642A7631DF32DA5,生物科学(师范)2401班
00011,[1110]师范学院,2024,2024,F71F5BE37D3B43988E174841082FEFC2,地理科学(师范),CA31E42DC47C447387DB447EA07EEB40,地理科学(师范)2401班
00011,[1110]师范学院,2024,2024,6D7F57B5E61A42769923E5F93336A66B,汉语言文学(优师),C96E1BEAE0FE46A998C55E0F7CC81FEB,汉语言文学(优师)2403班
00011,[1110]师范学院,2024,2024,8758327815DC45EBA3EAD64B588DDE5F,数学与应用数学(优师),58006EAE3DB8454299CF02343963E9C5,数学与应用数学(优师)2403班
00011,[1110]师范学院,2024,2024,B13C02EFBFEF4BBBB0845E5E6B21D339,物理学(优师),9EC8EDA939F742A48527BC3608F9C102,物理学(优师)2403班
00011,[1110]师范学院,2023,2023,00200,教育学,C2C34C3369CA4727849A5A9E5E6E7126,教育学2301班
00011,[1110]师范学院,2023,2023,3BBF4CCE8F494E41AEEC318A2F26FCA9,教育技术学(师范类),9EAB5D806A034FA1845F0F25B9813956,教育技术学(师范类)2301班
00011,[1110]师范学院,2023,2023,00061,心理学,789B892ACE7A4714A622F7BFE06A9D35,心理学2301班
00011,[1110]师范学院,2023,2023,5F5DD0D1DAB1440192B26272ECC79C14,汉语言文学(师范),4456D2C5E55D41CB9AB70C7949B35F64,汉语言文学(师范)2301班
00011,[1110]师范学院,2023,2023,5F5DD0D1DAB1440192B26272ECC79C14,汉语言文学(师范),F9374032BAA3431D9BF025C25CCA50CE,汉语言文学(师范)2302班
00011,[1110]师范学院,2023,2023,6FFEAFF5D9EC4CFABD1F5619F866C19F,数学与应用数学(师范),DC035AD8C74C4BF7A4CD89430B141DEC,数学与应用数学(师范)2301班
00011,[1110]师范学院,2023,2023,6FFEAFF5D9EC4CFABD1F5619F866C19F,数学与应用数学(师范),028FB66CFECD4CD0927F8911EFC1AD22,数学与应用数学(师范)2302班
00011,[1110]师范学院,2023,2023,F2867FB4A85E4537B7A6C9449188ACF1,物理学(师范),5E10C38CD95146CBB8196987F0C8444E,物理学(师范)2301班
00011,[1110]师范学院,2023,2023,F2867FB4A85E4537B7A6C9449188ACF1,物理学(师范),7F6FE1C5499747E2A2C93AC509815BCA,物理学(师范)2302班
00011,[1110]师范学院,2023,2023,F46AC0BD5878411A875FFB4F2363648D,历史学(师范),381B8E04DC1E4F9B950C02B3168545E7,历史学(师范)2301班
00011,[1110]师范学院,2023,2023,F46AC0BD5878411A875FFB4F2363648D,历史学(师范),3839AB567C584596A177926E3F4461F0,历史学(师范)2302班
00011,[1110]师范学院,2023,2023,5D7FE7AD38EE459790B17F8E2BE03E32,化学(师范),2046A5CADF944563AEDC4359002D56A5,化学(师范)2301班
00011,[1110]师范学院,2023,2023,5D7FE7AD38EE459790B17F8E2BE03E32,化学(师范),6F52B8B86F1F4DD3A46DC66B850DC101,化学(师范)2302班
00011,[1110]师范学院,2023,2023,F7EB33EA290B4EE5B96D5E4704A97B55,生物科学(师范),748E7CC6A64742E2B492E533D0771A82,生物科学(师范)2301班
00011,[1110]师范学院,2023,2023,F71F5BE37D3B43988E174841082FEFC2,地理科学(师范),D518F71122974FFB87D4FC75E8E73E31,地理科学(师范)2301班
00011,[1110]师范学院,2022,2022,00200,教育学,6EEDA268468648639416F4273DA88B7E,教育学2201班
00011,[1110]师范学院,2022,2022,3BBF4CCE8F494E41AEEC318A2F26FCA9,教育技术学(师范类),E14480F44322437390A98FA82D4074EE,教育技术学(师范类)2201班
00011,[1110]师范学院,2022,2022,D2CF3100ABC24BAE951ACF29B03B8AF3,小学教育,F5D8546E76514172BBA5322DA13BEA9F,小学教育2201班
00011,[1110]师范学院,2022,2022,00061,心理学,A84F8745A9674834A3C0AE0D9EF462DF,心理学2201班
00011,[1110]师范学院,2022,2022,00164,辅修 心理学,4FA334FF32EC41B7B0FEE2C63BF1F023,辅修心理学2201班
00012,[1120]商学院,2025,2025,00071,国际经济与贸易,2E88CB66A7E442E1AF89B27AF19EF554,国际经济与贸易2501班
00012,[1120]商学院,2025,2025,00072,金融学,9E02592298FB49EAA5E5117F9F941600,金融学2501班
00012,[1120]商学院,2025,2025,E88E37A530A043C3B6060D921B954E40,数字经济,0904129BFD1749DE90BCADC0EFE16B48,数字经济2501班
00012,[1120]商学院,2025,2025,00141,市场营销,B779F8612A5F41089503CC4B5D0A4F5C,市场营销(数智创意营销实验班)2501班
00012,[1120]商学院,2025,2025,00068,会计学,F68D220A9CCF4833AFA9FC7849E7FCF1,会计学2501班
00012,[1120]商学院,2025,2025,D6E3364CE1604B7682E2FAE1BF6D2DA9,大数据管理与应用,9C18717F3EA4458FB0DA89B7CFAF3933,大数据管理与应用2501班
00012,[1120]商学院,2025,2025,D6E3364CE1604B7682E2FAE1BF6D2DA9,大数据管理与应用,D24AEBDECD444882934FE1DD9D066BDF,大数据管理与应用2502班
00012,[1120]商学院,2024,2024,E7DB2E67058F462089CAAFDA36F6BD7C,经济学类,93907B6C35C44B88902EB36D4658CA57,经济学类2401班
00012,[1120]商学院,2024,2024,E7DB2E67058F462089CAAFDA36F6BD7C,经济学类,9604BD7A91E84A54B556048BF7285FA1,经济学类2402班
00012,[1120]商学院,2024,2024,00071,国际经济与贸易,8C01E703DF2F428B82112745D28795D0,国际经济与贸易2401班
00012,[1120]商学院,2024,2024,00072,金融学,7F74540ABD71486EAB260C4CD6411CEC,金融学2401班
00012,[1120]商学院,2024,2024,E88E37A530A043C3B6060D921B954E40,数字经济,CCD01CAC8C7441A6A58E84F8346DC4A4,数字经济2401班
00012,[1120]商学院,2024,2024,E88E37A530A043C3B6060D921B954E40,数字经济,A4D6C897460348D892C60815D5E037F9,数字经济2402班
00012,[1120]商学院,2024,2024,74CE858244E849FF8B8D9ED4545F1F1F,工商管理类,17680E2504604D9C9CC097DA4DAA857A,工商管理类2401班
00012,[1120]商学院,2024,2024,74CE858244E849FF8B8D9ED4545F1F1F,工商管理类,DDED1CD0C69F4A9784D091FCF662CBE3,工商管理类2402班
00012,[1120]商学院,2024,2024,00069,人力资源管理,1CFC21DF113548A099411271974DD39F,人力资源管理2401班
00012,[1120]商学院,2024,2024,00141,市场营销,36FCDD83E37F445EAE354932FBB3FCD4,市场营销2401班
00012,[1120]商学院,2024,2024,00068,会计学,E10A7C9B5CD940E2AD624AE6FEE1A036,会计学2401班
00012,[1120]商学院,2024,2024,00229,会计学(ACCA),7D5F4BED376343BF978BC756E34BC678,会计学ACCA2401班
00012,[1120]商学院,2024,2024,D6E3364CE1604B7682E2FAE1BF6D2DA9,大数据管理与应用,FC9E6ECA38E041A3B1249169B83ED8F8,大数据管理与应用2401班
00012,[1120]商学院,2024,2024,D6E3364CE1604B7682E2FAE1BF6D2DA9,大数据管理与应用,9379F134B2154248AE0A10BF25604044,大数据管理与应用2402班
00012,[1120]商学院,2023,2023,E7DB2E67058F462089CAAFDA36F6BD7C,经济学类,E5B5345F3C794C9688437B51DED94F3D,经济学类2301班
00012,[1120]商学院,2023,2023,E7DB2E67058F462089CAAFDA36F6BD7C,经济学类,5CD813221ED74E0A87510852847E8CD3,经济学类2302班
00012,[1120]商学院,2023,2023,00071,国际经济与贸易,A4BF481388A74610BABF932AFADD5854,国际经济与贸易2301班
00012,[1120]商学院,2023,2023,00072,金融学,BD1873053CA14C19BB12A17A2E1040D5,金融学2301班
00012,[1120]商学院,2023,2023,00006,经济学,A048258ED20644A99D3A2BA029DA3B03,经济学2301班
00012,[1120]商学院,2023,2023,E88E37A530A043C3B6060D921B954E40,数字经济,EB68D04477FD430C8173E7DC682E1802,数字经济2301班
00012,[1120]商学院,2023,2023,74CE858244E849FF8B8D9ED4545F1F1F,工商管理类,0C4C6ABF14B9410BA3F63106958311AB,工商管理类2301班
00012,[1120]商学院,2023,2023,74CE858244E849FF8B8D9ED4545F1F1F,工商管理类,8E274157BF604151A569BBEE7AAA9129,工商管理类2302班
00012,[1120]商学院,2023,2023,00065,工商管理,2DDE7231DE3D4E5CA23F3402B3BD0F9C,工商管理2301班
00012,[1120]商学院,2023,2023,00069,人力资源管理,1CCEF107A5FC42DCA949444890072F2D,人力资源管理2301班
00012,[1120]商学院,2023,2023,00141,市场营销,6A508E030A254FF5854F385D87C717C9,市场营销2301班
00012,[1120]商学院,2023,2023,00068,会计学,99F74F23D85B4CFB825129C70CF63709,会计学2301班
00012,[1120]商学院,2023,2023,00229,会计学(ACCA),4E2994FEFE8244CC84F25992263DAF72,会计学ACCA2301班
00012,[1120]商学院,2023,2023,D6E3364CE1604B7682E2FAE1BF6D2DA9,大数据管理与应用,E43A40798E15424D90A86C8542102E44,大数据管理与应用2301班
00012,[1120]商学院,2023,2023,45A1160A0B3945A59602CA82B02DBBAB,微专业 金融科技,DD6BA82D1ACB4F43A07CAA1ECD580585,微专业金融科技2301班
00012,[1120]商学院,2022,2022,E7DB2E67058F462089CAAFDA36F6BD7C,经济学类,8AF366B0D6A64AE18B26108AF148465B,经济学类2201班
00012,[1120]商学院,2022,2022,E7DB2E67058F462089CAAFDA36F6BD7C,经济学类,D706D10252444B5FB8B497EDB7A25D78,经济学类2202班
00012,[1120]商学院,2022,2022,00071,国际经济与贸易,46B77BC7AA9142BC9914B41CC0F11574,国际经济与贸易2201班
00012,[1120]商学院,2022,2022,00072,金融学,D5D04CAB0EA54EE6B318B9CA062203F3,金融学2201班
00012,[1120]商学院,2022,2022,00006,经济学,029AA842B78E43F48EF25CE9A30BEDCA,经济学2201班
00012,[1120]商学院,2022,2022,74CE858244E849FF8B8D9ED4545F1F1F,工商管理类,81BF1B3BD19D4DE9A812D3D9DCAC3ADA,工商管理类2201班
00012,[1120]商学院,2022,2022,74CE858244E849FF8B8D9ED4545F1F1F,工商管理类,40C21C41CAAF47A3AE22830E2D3BE975,工商管理类2202班
00012,[1120]商学院,2022,2022,00065,工商管理,B4A96CC8677446F29DC3A8898A1FC127,工商管理2201班
00012,[1120]商学院,2022,2022,00069,人力资源管理,8BF1D0A05E074C93884B4059B45DE806,人力资源管理2201班
00012,[1120]商学院,2022,2022,00141,市场营销,15903EA6E20D40F7BB1E88EF58DC5FEC,市场营销2201班
00012,[1120]商学院,2022,2022,00068,会计学,3273EC39103A4650BAD21EFFC34EACA9,会计学2201班
00012,[1120]商学院,2022,2022,00229,会计学(ACCA),E308DA08F9CD4B5C9943068406098A98,会计学ACCA2201班
00012,[1120]商学院,2022,2022,D6E3364CE1604B7682E2FAE1BF6D2DA9,大数据管理与应用,E95E5934395043B48272832E4061D554,大数据管理与应用2201班
00012,[1120]商学院,2022,2022,D6E3364CE1604B7682E2FAE1BF6D2DA9,大数据管理与应用,8A860C655BE84E568853E9CA5D992CA5,大数据管理与应用2202班
00022,[1130]材料科学与工程学院,2025,2025,00032,材料类,948320725F7642EF8D0838B8C9DED8CF,材料类2501班
00022,[1130]材料科学与工程学院,2025,2025,00032,材料类,411D6FF56C74428EA3FE09E58B4D66B9,材料类2502班
00022,[1130]材料科学与工程学院,2025,2025,00032,材料类,06F784E778FA47C4B1A7545716A227B3,材料类2503班
00022,[1130]材料科学与工程学院,2025,2025,00032,材料类,4E2549620F8949E58BA097A3874E830B,材料类2504班
00022,[1130]材料科学与工程学院,2025,2025,00032,材料类,9C5EB6BEC865497A8AD53235FF7362FC,材料类2505班
00022,[1130]材料科学与工程学院,2025,2025,00032,材料类,EBC1F06EDED44C75AEBD9FD154FC38F2,材料类2506班
00022,[1130]材料科学与工程学院,2025,2025,00032,材料类,0A0F696844ED43D9871CC316C0DA3AB4,材料类2507班
00022,[1130]材料科学与工程学院,2025,2025,00032,材料类,76D314D241364581A54DD4C44B983F78,材料类2508班
00022,[1130]材料科学与工程学院,2024,2024,00032,材料类,49A3E34D7F65405BB19A51786A0230BD,材料类2401班
00022,[1130]材料科学与工程学院,2024,2024,00032,材料类,C0D04A198ECC44EA869A1FF40042C3E4,材料类2402班
00022,[1130]材料科学与工程学院,2024,2024,00032,材料类,9CAF63AB917E445A8F091B71C8A5D445,材料类2403班
00022,[1130]材料科学与工程学院,2024,2024,00032,材料类,DCBBB51115AB4E7A8A3B047C137509AA,材料类2404班
00022,[1130]材料科学与工程学院,2024,2024,00032,材料类,AFE0135BC73B4D378BD35603104EEF19,材料类2405班
00022,[1130]材料科学与工程学院,2024,2024,00032,材料类,57DC0580A72F49B9AFE2DFAD74A16912,材料类2406班
00022,[1130]材料科学与工程学院,2024,2024,00032,材料类,E9F609E79CD0465398615B8F2FF749CF,材料类2407班
00022,[1130]材料科学与工程学院,2024,2024,00032,材料类,DD9A9818F46F4756A109ABE0E6D20F7E,材料类2408班
00022,[1130]材料科学与工程学院,2024,2024,00038,材料化学,F11B9AD8F1324D36A5F6ED4EFC51C8B7,材料化学2401班
00022,[1130]材料科学与工程学院,2024,2024,00038,材料化学,DA33A112576E4592B7651CB484DACC58,材料化学2402班
00022,[1130]材料科学与工程学院,2024,2024,00035,高分子材料与工程,3FBC62528B584B5C94BA213E8499954A,高分子材料与工程2401班
00022,[1130]材料科学与工程学院,2024,2024,00035,高分子材料与工程,E24185B75A6C400AA8DD211FCA2C7003,高分子材料与工程2402班
00022,[1130]材料科学与工程学院,2024,2024,00035,高分子材料与工程,854402D3D3D74535B11843C3201E848B,高分子材料与工程2403班
00022,[1130]材料科学与工程学院,2024,2024,00035,高分子材料与工程,AA89B3F52BDB42658778A565C33C1C29,高分子材料与工程2404班
00022,[1130]材料科学与工程学院,2024,2024,8C2C57B8CED44F2080A10EB99B57EE15,材料科学与工程,A333CDCC723F47BC9BAAB0054540EC07,材料科学与工程2401班
00022,[1130]材料科学与工程学院,2024,2024,8C2C57B8CED44F2080A10EB99B57EE15,材料科学与工程,716B28B36C3B41C187ED56715A3C5973,材料科学与工程2402班
00022,[1130]材料科学与工程学院,2023,2023,00032,材料类,CD36D5A4E1584E6E9CA800E99B60B3CE,材料类2301班
00022,[1130]材料科学与工程学院,2023,2023,00032,材料类,1D130E21ABCB4BD3B0607103191D0EC9,材料类2302班
00022,[1130]材料科学与工程学院,2023,2023,00032,材料类,7914E6FDE9C94C798C4391194A70EF37,材料类2303班
00022,[1130]材料科学与工程学院,2023,2023,00032,材料类,7CCB4949BCC14CA0B1792BBD58185C42,材料类2304班
00022,[1130]材料科学与工程学院,2023,2023,00032,材料类,F0992388283D40FF81B18641FB927B5A,材料类2305班
00022,[1130]材料科学与工程学院,2023,2023,00032,材料类,29ED830D8AA740CDA2433294CAFD519D,材料类2306班
00022,[1130]材料科学与工程学院,2023,2023,00038,材料化学,E790EF389F0343F8B4CFE786322F6280,材料化学2301班
00022,[1130]材料科学与工程学院,2023,2023,00038,材料化学,6DE595B9B3BC407E87F7C00851A45E25,材料化学2302班
00022,[1130]材料科学与工程学院,2023,2023,00035,高分子材料与工程,7BA72963B9E446F6BCCDC74DD2C59095,高分子材料与工程2301班
00022,[1130]材料科学与工程学院,2023,2023,00035,高分子材料与工程,216D595C452C47AAABDCAC7BD7AAD6D5,高分子材料与工程2302班
00022,[1130]材料科学与工程学院,2023,2023,00035,高分子材料与工程,A97E4EBC03FE4FD99034ED6170B15ACC,高分子材料与工程2303班
00022,[1130]材料科学与工程学院,2023,2023,00035,高分子材料与工程,BAFB352DB28D471C8696E6FAF9CC9DA8,高分子材料与工程2304班
00022,[1130]材料科学与工程学院,2023,2023,8C2C57B8CED44F2080A10EB99B57EE15,材料科学与工程,F826F944FE4D436DAB6838E2B0894E4E,材料科学与工程2301班
00022,[1130]材料科学与工程学院,2023,2023,8C2C57B8CED44F2080A10EB99B57EE15,材料科学与工程,626C7A3C06DB438FB8810D0C3D5D9822,材料科学与工程2302班
00022,[1130]材料科学与工程学院,2022,2022,00032,材料类,2F59C9F7D9084C12BB53D9A0758821EB,材料类2201班
00022,[1130]材料科学与工程学院,2022,2022,00032,材料类,31A109F802C34B9E9D0734FFC86EF302,材料类2202班
00022,[1130]材料科学与工程学院,2022,2022,00032,材料类,13907BDEA8BB4F1A8EEAFEB7FCA840A3,材料类2203班
00022,[1130]材料科学与工程学院,2022,2022,00032,材料类,03AFF5B8031746D78B1275DF0B50A669,材料类2204班
00022,[1130]材料科学与工程学院,2022,2022,00032,材料类,67DA66AEA447409DA7E5DC3B5E6BC9FE,材料类2205班
00022,[1130]材料科学与工程学院,2022,2022,00032,材料类,29A82E512C79450691029FA9E0964518,材料类2206班
00022,[1130]材料科学与工程学院,2022,2022,00038,材料化学,9B500D7BEDFE449FB552DED28648621B,材料化学2201班
00022,[1130]材料科学与工程学院,2022,2022,00035,高分子材料与工程,64F1D72A0E1C43338B4DEA10CA14275C,高分子材料与工程2201班
00022,[1130]材料科学与工程学院,2022,2022,00035,高分子材料与工程,04648C1401F444F088587BEE7A6052AF,高分子材料与工程2202班
00022,[1130]材料科学与工程学院,2022,2022,00035,高分子材料与工程,08513DED395640B5A1C61CD121A34039,高分子材料与工程2203班
00022,[1130]材料科学与工程学院,2022,2022,00035,高分子材料与工程,DF37DEE764AB48B9BC6B5FC3A80AC926,高分子材料与工程2204班
00022,[1130]材料科学与工程学院,2022,2022,8C2C57B8CED44F2080A10EB99B57EE15,材料科学与工程,7DE49DA2682642F9A4DD5A05DE8F3ABC,材料科学与工程2201班
00022,[1130]材料科学与工程学院,2022,2022,8C2C57B8CED44F2080A10EB99B57EE15,材料科学与工程,A804A5DF0104497984AAB293064F425A,材料科学与工程2202班
00022,[1130]材料科学与工程学院,2022,2022,3F1D197504CD4A61AC3EAFF3013EA649,材料化学(中外合作办学),6938627B0FFC4C058A133A6EA4BC1D4D,材料化学(中外合作办学)2201班
00021,[1140]艺术与设计学院,2025,2025,00059,美术学(师范类),78EC5081462049D7A959C23C36B351DE,美术学2501班
00021,[1140]艺术与设计学院,2025,2025,00059,美术学(师范类),13C5599D4AB5424E9249EE0033B3982A,美术学2502班
00021,[1140]艺术与设计学院,2025,2025,ECBBB8B4FAD942CDBBEE17DECBEF3733,设计学类,2FAB7006028E4477B0B6CFA8D9B9D504,设计学类2501班
00021,[1140]艺术与设计学院,2025,2025,ECBBB8B4FAD942CDBBEE17DECBEF3733,设计学类,2D89B525ACFC43048BA8B12A6B5BCA11,设计学类2502班
00021,[1140]艺术与设计学院,2025,2025,ECBBB8B4FAD942CDBBEE17DECBEF3733,设计学类,3F5AC7A8E3BA409B86E46A4AB9BEAD9E,设计学类2503班
00021,[1140]艺术与设计学院,2025,2025,ECBBB8B4FAD942CDBBEE17DECBEF3733,设计学类,DB654F96A4834E59B5C71FA7772F4F5B,设计学类2504班
00021,[1140]艺术与设计学院,2025,2025,ECBBB8B4FAD942CDBBEE17DECBEF3733,设计学类,E21FA64C1B5846BFA0EBD5E731835B7A,设计学类2505班
00021,[1140]艺术与设计学院,2025,2025,081232DAB4E14BC7A32DBAAA0036E5C1,数字媒体艺术(中外合作办学),3E7C35F0B1414DC0B822C87CD0C2E44B,数字媒体(中外合作办学)2501班
00021,[1140]艺术与设计学院,2025,2025,081232DAB4E14BC7A32DBAAA0036E5C1,数字媒体艺术(中外合作办学),FC6F58AB6F054DBABFB124C539B518DF,数字媒体(中外合作办学)2502班
00021,[1140]艺术与设计学院,2025,2025,081232DAB4E14BC7A32DBAAA0036E5C1,数字媒体艺术(中外合作办学),F9936D022F5C43BFBECCEDCEEFF0F9C3,数字媒体(中外合作办学)2503班
00021,[1140]艺术与设计学院,2025,2025,081232DAB4E14BC7A32DBAAA0036E5C1,数字媒体艺术(中外合作办学),2A9CF21E4BBB409CB946E47D9BAD00C7,数字媒体(中外合作办学)2504班
00021,[1140]艺术与设计学院,2024,2024,00059,美术学(师范类),3A98292C268A47E0B189D19EBEF1A729,美术学2401班
00021,[1140]艺术与设计学院,2024,2024,00059,美术学(师范类),760D4A50531F4ED78E44252D54BFAE2D,美术学2402班
00021,[1140]艺术与设计学院,2024,2024,ECBBB8B4FAD942CDBBEE17DECBEF3733,设计学类,7762AF164CA14961A28623A6E97A5466,设计学类2401班
00021,[1140]艺术与设计学院,2024,2024,ECBBB8B4FAD942CDBBEE17DECBEF3733,设计学类,B166F961464B401B98738E38BC7F1CC7,设计学类2402班
00021,[1140]艺术与设计学院,2024,2024,ECBBB8B4FAD942CDBBEE17DECBEF3733,设计学类,E3DBD0CC4A3549139430EC8D4F3C3043,设计学类2403班
00021,[1140]艺术与设计学院,2024,2024,ECBBB8B4FAD942CDBBEE17DECBEF3733,设计学类,91D97BE2AF414C7FA401B2B63B116A00,设计学类2404班
00021,[1140]艺术与设计学院,2024,2024,ECBBB8B4FAD942CDBBEE17DECBEF3733,设计学类,A633107CEF4A4CABA933F4C61F72A6C7,设计学类2405班
00021,[1140]艺术与设计学院,2024,2024,00207,视觉传达设计,1985C9D2D5D4409C9B0306380C8170D9,视觉传达设计2403班
00021,[1140]艺术与设计学院,2024,2024,00207,视觉传达设计,6E5E43757D7840C590B4F60F27F27122,视觉传达设计2404班
00021,[1140]艺术与设计学院,2024,2024,00207,视觉传达设计,6E9FB69C892E4E5FA44609EA4CD1534C,视觉传达设计2405班
00021,[1140]艺术与设计学院,2024,2024,8C9B7AC1CA5B4A408E76F07E1EE67CD0,环境设计,D8C5C287CD0044CE872C9E9192BC2FBD,社会环境创新实验2406班
00021,[1140]艺术与设计学院,2024,2024,00209,产品设计,387ABBF30150482EB32BC7E47B302858,产品设计2407班
00021,[1140]艺术与设计学院,2024,2024,00211,数字媒体艺术,4F5A9DFA436B45C2847FB0C2396A5C82,数字媒体艺术2408班
00021,[1140]艺术与设计学院,2024,2024,081232DAB4E14BC7A32DBAAA0036E5C1,数字媒体艺术(中外合作办学),B8367F86EF924D1B9FF18FAD284C8B5C,数字媒体(中外合作办学)2401班
00021,[1140]艺术与设计学院,2024,2024,081232DAB4E14BC7A32DBAAA0036E5C1,数字媒体艺术(中外合作办学),25CC3F25DD4F489D98276590F1807BED,数字媒体(中外合作办学)2402班
00021,[1140]艺术与设计学院,2024,2024,081232DAB4E14BC7A32DBAAA0036E5C1,数字媒体艺术(中外合作办学),AEE9B206DB2649FCB8BEB3C2CC41E00C,数字媒体(中外合作办学)2403班
00021,[1140]艺术与设计学院,2024,2024,081232DAB4E14BC7A32DBAAA0036E5C1,数字媒体艺术(中外合作办学),CFD87D209C9D485C876F69A52E11A745,数字媒体(中外合作办学)2404班
00021,[1140]艺术与设计学院,2023,2023,00059,美术学(师范类),8FC3284E4E42454CAA44A780E51900DF,美术学2301班
00021,[1140]艺术与设计学院,2023,2023,00059,美术学(师范类),8A28A6425C71424CBF5161DC515491A2,美术学2302班
00021,[1140]艺术与设计学院,2023,2023,ECBBB8B4FAD942CDBBEE17DECBEF3733,设计学类,EC4449F38E6F4202AC9BFF5EEC7C41AE,设计学类2301班
00021,[1140]艺术与设计学院,2023,2023,ECBBB8B4FAD942CDBBEE17DECBEF3733,设计学类,79A2130D4BC34A3ABB66FEA1D3A9EFCC,设计学类2302班
00021,[1140]艺术与设计学院,2023,2023,ECBBB8B4FAD942CDBBEE17DECBEF3733,设计学类,8222BA81F2B8468F8988FE43D9CCEAB7,设计学类2303班
00021,[1140]艺术与设计学院,2023,2023,ECBBB8B4FAD942CDBBEE17DECBEF3733,设计学类,0947469FCB134B94A0325210530B536B,设计学类2304班
00021,[1140]艺术与设计学院,2023,2023,ECBBB8B4FAD942CDBBEE17DECBEF3733,设计学类,B9CF65ABCC07480BB93BE313F703D652,设计学类2305班
00021,[1140]艺术与设计学院,2023,2023,ECBBB8B4FAD942CDBBEE17DECBEF3733,设计学类,318E984B3DC94F509376FCC9F8287373,设计学类2306班
00021,[1140]艺术与设计学院,2023,2023,00207,视觉传达设计,B048D4D7A267439BB2AE0A633BE63713,视觉传达设计2303班
00021,[1140]艺术与设计学院,2023,2023,00207,视觉传达设计,B3E15BB49DAF41C28B9DCBCB8C8A76B7,视觉传达设计2304班
00021,[1140]艺术与设计学院,2023,2023,8C9B7AC1CA5B4A408E76F07E1EE67CD0,环境设计,6A9DD7E402994FC8A217B942E2B1C732,环境设计2305班
00021,[1140]艺术与设计学院,2023,2023,8C9B7AC1CA5B4A408E76F07E1EE67CD0,环境设计,7DC30269823940F88107643E96335FFE,环境设计2306班
00021,[1140]艺术与设计学院,2023,2023,00209,产品设计,54A1E508F98B49CF965E7D447E6A93B2,产品设计2308班
00021,[1140]艺术与设计学院,2023,2023,00209,产品设计,67A5D5DB66EF4B99AEE3C878E8545A67,产品设计2309班
00021,[1140]艺术与设计学院,2023,2023,00211,数字媒体艺术,FFB5971E93CC40B59BD84E56323C1502,数字媒体艺术2307班
00021,[1140]艺术与设计学院,2023,2023,081232DAB4E14BC7A32DBAAA0036E5C1,数字媒体艺术(中外合作办学),FCF2DB6BCD524608866A64B0D60D09A1,数字媒体(中外合作办学)2301班
00021,[1140]艺术与设计学院,2023,2023,081232DAB4E14BC7A32DBAAA0036E5C1,数字媒体艺术(中外合作办学),8C1AE83E26FA4C6E95F4B925A9310906,数字媒体(中外合作办学)2302班
00021,[1140]艺术与设计学院,2023,2023,081232DAB4E14BC7A32DBAAA0036E5C1,数字媒体艺术(中外合作办学),8189C85A75E64007B4C1FFD51968CA2E,数字媒体(中外合作办学)2303班
00021,[1140]艺术与设计学院,2022,2022,00059,美术学(师范类),C3A86D063BE74906A42A87EECF7DF266,美术学2201班
00021,[1140]艺术与设计学院,2022,2022,00059,美术学(师范类),AE5E1356D54F49ECAE3AE1186AAA1DD1,美术学2202班
00021,[1140]艺术与设计学院,2022,2022,ECBBB8B4FAD942CDBBEE17DECBEF3733,设计学类,E8E652EF59D84F5F9CB44FD002B49E89,设计学类2201班
00021,[1140]艺术与设计学院,2022,2022,ECBBB8B4FAD942CDBBEE17DECBEF3733,设计学类,042C6556468C409998E0625DB22AA8AB,设计学类2202班
00021,[1140]艺术与设计学院,2022,2022,ECBBB8B4FAD942CDBBEE17DECBEF3733,设计学类,A1F4E5A4F3C7485B867E57619349F228,设计学类2203班
00021,[1140]艺术与设计学院,2022,2022,ECBBB8B4FAD942CDBBEE17DECBEF3733,设计学类,94C9BB22BB0544B8A5386F11B845A951,设计学类2204班
00021,[1140]艺术与设计学院,2022,2022,ECBBB8B4FAD942CDBBEE17DECBEF3733,设计学类,5CE9F6127FC049A294AEA9285EC0B865,设计学类2205班
00021,[1140]艺术与设计学院,2022,2022,ECBBB8B4FAD942CDBBEE17DECBEF3733,设计学类,30FBEFE1E8C44F91AF9C3F1EC7991996,设计学类2206班
00021,[1140]艺术与设计学院,2022,2022,ECBBB8B4FAD942CDBBEE17DECBEF3733,设计学类,E3E1342DB5C74A1D8C4CB519428D75A2,设计学类2207班
00021,[1140]艺术与设计学院,2022,2022,ECBBB8B4FAD942CDBBEE17DECBEF3733,设计学类,0A264E37665A46419740D887A894ECC7,设计学类2208班
00021,[1140]艺术与设计学院,2022,2022,00207,视觉传达设计,C0ECF6D8F8B34C42913849F7BCBA4A90,视觉传达设计2203班
00021,[1140]艺术与设计学院,2022,2022,00207,视觉传达设计,CA03FF9ECDD741CD916E50E9BC03D11A,视觉传达设计2204班
00021,[1140]艺术与设计学院,2022,2022,8C9B7AC1CA5B4A408E76F07E1EE67CD0,环境设计,A0C74A3519AB40CA9077CE8649BEDE93,环境设计2205班
00021,[1140]艺术与设计学院,2022,2022,8C9B7AC1CA5B4A408E76F07E1EE67CD0,环境设计,95AB2A6482984C0195518AAC2D51B4B6,环境设计2206班
00021,[1140]艺术与设计学院,2022,2022,00209,产品设计,04CFAEC6342941F3A08758BE99B8D5ED,产品设计2209班
00021,[1140]艺术与设计学院,2022,2022,00209,产品设计,A54026E27BA94F27B7CB09D7B7F8EA39,产品设计2210班
00021,[1140]艺术与设计学院,2022,2022,00211,数字媒体艺术,DC292C25853B47168A43C3A00D7743CC,数字媒体艺术2207班
00021,[1140]艺术与设计学院,2022,2022,00211,数字媒体艺术,C9EFB75031E2438696B67C4EDF74F1D6,数字媒体艺术2208班
00013,[1150]哲学学院,2025,2025,00077,哲学,F3A41B5B95B94B32B0F662AD87CE7403,哲学2501班
00013,[1150]哲学学院,2024,2024,00077,哲学,5BB884C1926C4378A0F081A4D3224734,哲学2401班
00013,[1150]哲学学院,2024,2024,91781449F83A476FA0CB8489CDA03B50,辅修 哲学,BE50EC01E53443FC8CBAB2A99C111F8D,辅修哲学2401班
00013,[1150]哲学学院,2023,2023,00077,哲学,21721C36A8BC45D1A02558FB9F8E88F5,哲学2301班
00013,[1150]哲学学院,2023,2023,91781449F83A476FA0CB8489CDA03B50,辅修 哲学,93E29A18D320466A86896119519E47D3,辅修哲学2301班
00013,[1150]哲学学院,2022,2022,00077,哲学,782D590012314A5196C235D87F98D66C,哲学2201班
00013,[1150]哲学学院,2022,2022,91781449F83A476FA0CB8489CDA03B50,辅修 哲学,761F55BC79BF48F3B042D69F947D0B19,辅修哲学2201班
gaqxkHDXmt,[1160]计算机学院,2025,2025,130449AF0AFC4E2CADB91D61A28355BB,计算机类,4D9929175D6A456CAB4CB76178F5E5B3,计算机类2501班
gaqxkHDXmt,[1160]计算机学院,2025,2025,130449AF0AFC4E2CADB91D61A28355BB,计算机类,BD12AC872AD047AB8543FECA22D204C7,计算机类2502班
gaqxkHDXmt,[1160]计算机学院,2025,2025,130449AF0AFC4E2CADB91D61A28355BB,计算机类,49F0ADE8650248688F53181F6B821291,计算机类2503班
gaqxkHDXmt,[1160]计算机学院,2025,2025,130449AF0AFC4E2CADB91D61A28355BB,计算机类,D2451A14D99C4027A78E8D65C0C9A6AF,计算机类2504班
gaqxkHDXmt,[1160]计算机学院,2025,2025,130449AF0AFC4E2CADB91D61A28355BB,计算机类,2D21F19FD76C4EE385AC73B17BFD9F18,计算机类2505班
gaqxkHDXmt,[1160]计算机学院,2024,2024,130449AF0AFC4E2CADB91D61A28355BB,计算机类,1F167E9C77844BC69219C137945E3488,计算机类2401班
gaqxkHDXmt,[1160]计算机学院,2024,2024,130449AF0AFC4E2CADB91D61A28355BB,计算机类,B3A48ADA59AE4A42A93CB5287E71AC27,计算机类2402班
gaqxkHDXmt,[1160]计算机学院,2024,2024,130449AF0AFC4E2CADB91D61A28355BB,计算机类,1B21A9EB5D264172AD743785E430416B,计算机类2403班
gaqxkHDXmt,[1160]计算机学院,2024,2024,130449AF0AFC4E2CADB91D61A28355BB,计算机类,590F7E565D954CB88138EF441928A1F5,计算机类2404班
gaqxkHDXmt,[1160]计算机学院,2024,2024,130449AF0AFC4E2CADB91D61A28355BB,计算机类,C1180653199D4651B52AB0B2D370ACE8,计算机类2405班
gaqxkHDXmt,[1160]计算机学院,2024,2024,00021,计算机科学与技术,BACA50ED50DC412D8AE405326DA50751,计算机科学与技术2401班
gaqxkHDXmt,[1160]计算机学院,2024,2024,00021,计算机科学与技术,86FF8808179541E98D133CAD2A85A7B1,计算机科学与技术2402班
gaqxkHDXmt,[1160]计算机学院,2024,2024,00151,软件工程,BEA300695DA34A13B2C91B7CA9363CB1,软件工程2401班
gaqxkHDXmt,[1160]计算机学院,2024,2024,00151,软件工程,FD1DB1E9667B4C918452A43EA08152FA,软件工程2402班
gaqxkHDXmt,[1160]计算机学院,2024,2024,00151,软件工程,0832FC04B6034B9F9C4A8E1752EFC9FA,软件工程2403班
gaqxkHDXmt,[1160]计算机学院,2024,2024,7E05108A621F44D4B3F5CD6309A2EE94,数据科学与大数据技术,1EFA91D96C5D4430A63388843792330F,数据科学与大数据技术2401班
gaqxkHDXmt,[1160]计算机学院,2023,2023,130449AF0AFC4E2CADB91D61A28355BB,计算机类,A9F2568C92AE4F2589AE9BAF95EAD122,计算机类2301班
gaqxkHDXmt,[1160]计算机学院,2023,2023,130449AF0AFC4E2CADB91D61A28355BB,计算机类,7F68CD1A6AFD4D9E908BC40D32F7CFB3,计算机类2302班
gaqxkHDXmt,[1160]计算机学院,2023,2023,130449AF0AFC4E2CADB91D61A28355BB,计算机类,CBEC97A27A104A5DB0E4C06FEC81E008,计算机类2303班
gaqxkHDXmt,[1160]计算机学院,2023,2023,130449AF0AFC4E2CADB91D61A28355BB,计算机类,0FFB4B73865E4602A66E76CA23542114,计算机类2304班
gaqxkHDXmt,[1160]计算机学院,2023,2023,130449AF0AFC4E2CADB91D61A28355BB,计算机类,9688D5E90F524CA18583CEB0969C80BF,计算机类2305班
gaqxkHDXmt,[1160]计算机学院,2023,2023,130449AF0AFC4E2CADB91D61A28355BB,计算机类,84DE739636454C23B4B1B17737FB22AD,计算机类2306班
gaqxkHDXmt,[1160]计算机学院,2023,2023,00021,计算机科学与技术,393DFA49BCFB4C9DAF7EE7CE7D8C0412,计算机科学与技术2301班
gaqxkHDXmt,[1160]计算机学院,2023,2023,00021,计算机科学与技术,EF590AC780F94EEF859802701DED1822,计算机科学与技术2302班
gaqxkHDXmt,[1160]计算机学院,2023,2023,00151,软件工程,AC290231193943C08A33BBF33605150B,软件工程2301班
gaqxkHDXmt,[1160]计算机学院,2023,2023,00151,软件工程,83FA8F42F7E14CF8A314EC2DAE4C963F,软件工程2302班
gaqxkHDXmt,[1160]计算机学院,2023,2023,7E05108A621F44D4B3F5CD6309A2EE94,数据科学与大数据技术,2FBC37685D86418A881C7FF8510139C6,数据科学与大数据技术2301班
gaqxkHDXmt,[1160]计算机学院,2023,2023,79A435302A224298A10C7AFDC0FC471B,微专业 行业应用软件开发,9156F668E8934E4D9AA919A47CC0CF92,微专业行业应用软件开发2301班
gaqxkHDXmt,[1160]计算机学院,2022,2022,130449AF0AFC4E2CADB91D61A28355BB,计算机类,A9A3ABC979AB42F588C093DD650603E5,计算机类2201班
gaqxkHDXmt,[1160]计算机学院,2022,2022,130449AF0AFC4E2CADB91D61A28355BB,计算机类,C4EE6B439F2F4F218C376794DD7A9DC5,计算机类2202班
gaqxkHDXmt,[1160]计算机学院,2022,2022,130449AF0AFC4E2CADB91D61A28355BB,计算机类,7836A07BF32544808576B0EE14D67DCE,计算机类2203班
gaqxkHDXmt,[1160]计算机学院,2022,2022,130449AF0AFC4E2CADB91D61A28355BB,计算机类,F03680D022E7443394056073514FCAD2,计算机类2204班
gaqxkHDXmt,[1160]计算机学院,2022,2022,130449AF0AFC4E2CADB91D61A28355BB,计算机类,310B633ECE6049B1B2F3494297EE255C,计算机类2205班
gaqxkHDXmt,[1160]计算机学院,2022,2022,130449AF0AFC4E2CADB91D61A28355BB,计算机类,947AA017E356447CA71F1E7A9D1ADA31,计算机类2206班
gaqxkHDXmt,[1160]计算机学院,2022,2022,00021,计算机科学与技术,09B9AA89C220459EAB7D169F3FD0C8D6,计算机科学与技术2201班
gaqxkHDXmt,[1160]计算机学院,2022,2022,00021,计算机科学与技术,FEA70A00318B420CAFA59936A213FA87,计算机科学与技术2202班
gaqxkHDXmt,[1160]计算机学院,2022,2022,00151,软件工程,D661D5EB9F2742618673729308AA7DD9,软件工程2201班
gaqxkHDXmt,[1160]计算机学院,2022,2022,00151,软件工程,9F8A92900AE54F5B96F14ED3E9ADAED7,软件工程2202班
gaqxkHDXmt,[1160]计算机学院,2022,2022,7E05108A621F44D4B3F5CD6309A2EE94,数据科学与大数据技术,9EDA54C7902A472CAC621EECDBC32CCC,数据科学与大数据技术2201班
00025,[1170]马克思主义学院,2025,2025,00002,思想政治教育,809D6EF7809540DBBADE40E39509FCEB,思想政治教育2501班
00025,[1170]马克思主义学院,2025,2025,00002,思想政治教育,768A6A9C4CE14755BC08C44326117D6C,思想政治教育2502班
00025,[1170]马克思主义学院,2024,2024,00002,思想政治教育,8CAF469D91264C27BAEA27E111B28E52,思想政治教育2401班
00025,[1170]马克思主义学院,2024,2024,00002,思想政治教育,57E46039750B4D5B9363CC6C947C991F,思想政治教育2402班
00025,[1170]马克思主义学院,2023,2023,00002,思想政治教育,DD9AA73EF3A94AB0B0E6FD86832C5A9D,思想政治教育2301班
00025,[1170]马克思主义学院,2022,2022,00002,思想政治教育,84E983BC1EF64296821C9AD0BE9ECE5F,思想政治教育2201班
mLRDVTkVgt,[1180]新闻传播学院,2025,2025,00007,新闻传播学类,8FB6CDAF1E564DD2B62288799CBF6403,新闻传播学类2501班
mLRDVTkVgt,[1180]新闻传播学院,2025,2025,00007,新闻传播学类,77923873BF2B470C8221C2120BABB9B8,新闻传播学类2502班
mLRDVTkVgt,[1180]新闻传播学院,2025,2025,00191,播音与主持艺术,DEB166D7E6204CCE82366FF39B6A4CDD,播音与主持艺术2501班
mLRDVTkVgt,[1180]新闻传播学院,2024,2024,00007,新闻传播学类,4281777E80FD4B8AA3A86E24B36F2D45,新闻传播学类2401班
mLRDVTkVgt,[1180]新闻传播学院,2024,2024,00007,新闻传播学类,9D557205C25846349DDB68BCBB3F0C04,新闻传播学类2402班
mLRDVTkVgt,[1180]新闻传播学院,2024,2024,00007,新闻传播学类,EC351BCFA51F498EBBBA6D5013B22BBD,新闻传播学类2403班
mLRDVTkVgt,[1180]新闻传播学院,2024,2024,00011,新闻学,FFE873CE2E5A45DCA9076FE682E17A8E,新闻学2401班
mLRDVTkVgt,[1180]新闻传播学院,2024,2024,00012,广告学,AE1598C38D9F4099A2B4C14B84060C98,广告学2401班
mLRDVTkVgt,[1180]新闻传播学院,2024,2024,00221,传播学,3B0E5E928B9148A2975962FA45A4C030,传播学2401班
mLRDVTkVgt,[1180]新闻传播学院,2024,2024,00191,播音与主持艺术,C5E593C59A344A8D92F955DD7BCDDDCB,播音与主持艺术2401班
mLRDVTkVgt,[1180]新闻传播学院,2023,2023,00007,新闻传播学类,968AFF510DFD412693AFFDBB495A1C5F,新闻传播学类2301班
mLRDVTkVgt,[1180]新闻传播学院,2023,2023,00007,新闻传播学类,B292EDD538EA4990BE3AD93693628D8A,新闻传播学类2302班
mLRDVTkVgt,[1180]新闻传播学院,2023,2023,00007,新闻传播学类,8E31CB96D5C241CDBD58215CD053247F,新闻传播学类2303班
mLRDVTkVgt,[1180]新闻传播学院,2023,2023,00011,新闻学,0B698575F4E04342B9DC7E66F5DB1F9B,新闻学2301班
mLRDVTkVgt,[1180]新闻传播学院,2023,2023,00012,广告学,2F2F3D4B9CAE4BE0B5C6D19BDD6D05E5,广告学2301班
mLRDVTkVgt,[1180]新闻传播学院,2023,2023,00221,传播学,53B94A6A51B64697B089EDDEA2B60458,传播学(视听传播)2302班
mLRDVTkVgt,[1180]新闻传播学院,2023,2023,00221,传播学,52D1F9B9EA2D45BA94BD20FE608A5D64,传播学(网络与新媒体)2301班
mLRDVTkVgt,[1180]新闻传播学院,2023,2023,00191,播音与主持艺术,1FA19FD29D1E4C669EF25E844AAC2596,播音与主持艺术2301班
mLRDVTkVgt,[1180]新闻传播学院,2022,2022,00007,新闻传播学类,4B2CEAE87CC54880A92EB67AD678EE26,新闻传播学类2201班
mLRDVTkVgt,[1180]新闻传播学院,2022,2022,00007,新闻传播学类,A8EB0180F6374CAEB1D790CC22DB9F1D,新闻传播学类2202班
mLRDVTkVgt,[1180]新闻传播学院,2022,2022,00007,新闻传播学类,140EB5F5FDF448658132C3FDB027A2B0,新闻传播学类2203班
mLRDVTkVgt,[1180]新闻传播学院,2022,2022,00011,新闻学,3D4A11749D5944A894ECE075320337ED,新闻学2201班
mLRDVTkVgt,[1180]新闻传播学院,2022,2022,00012,广告学,93BC06595E644F62AFA466F4906DB704,广告学2201班
mLRDVTkVgt,[1180]新闻传播学院,2022,2022,00216,广播电视学,B9E912E9D6204CD4A68E68C86102630B,广播电视学2201班
mLRDVTkVgt,[1180]新闻传播学院,2022,2022,00221,传播学,8DE5A7060B5C4E03881AB0B2986FEE57,传播学2201班
mLRDVTkVgt,[1180]新闻传播学院,2022,2022,00191,播音与主持艺术,B6352568CEF744E4B5355847BDD68B97,播音与主持艺术2201班
C79E9E7D7F3D4D989C4BF25F6A72AA08,[1190]微电子学院,2025,2025,00024,电子信息类W,48FD44E326AC422C892B282E930116B3,电子信息类W2501班
C79E9E7D7F3D4D989C4BF25F6A72AA08,[1190]微电子学院,2025,2025,00024,电子信息类W,AF6EFA5C76FB43FAAD23866636FC031C,电子信息类W2502班
C79E9E7D7F3D4D989C4BF25F6A72AA08,[1190]微电子学院,2025,2025,00024,电子信息类W,CBD483C40E7A429EB74F4D5F2F6C587D,电子信息类W2503班
C79E9E7D7F3D4D989C4BF25F6A72AA08,[1190]微电子学院,2025,2025,00024,电子信息类W,B72BCD406CBB4F64A319B12B6D2BAC83,电子信息类W2504班
C79E9E7D7F3D4D989C4BF25F6A72AA08,[1190]微电子学院,2025,2025,00024,电子信息类W,AD74709D06AF4C009BB7F9E11512EE19,电子信息类W2505班
C79E9E7D7F3D4D989C4BF25F6A72AA08,[1190]微电子学院,2025,2025,00024,电子信息类W,0ECCECFC1B0B4A7B95FCC8FACBE48959,电子信息类W2506班
C79E9E7D7F3D4D989C4BF25F6A72AA08,[1190]微电子学院,2025,2025,00024,电子信息类W,6EBF9C55FEB2419BBBBB1A318D14CC70,电子信息类W2507班
C79E9E7D7F3D4D989C4BF25F6A72AA08,[1190]微电子学院,2025,2025,00024,电子信息类W,FF09A18947074C25AE693BABA3043C22,电子信息类W2508班
C79E9E7D7F3D4D989C4BF25F6A72AA08,[1190]微电子学院,2024,2024,00024,电子信息类W,92F0834A6A1F42058F43D1964BFCDCBE,电子信息类W2401班
C79E9E7D7F3D4D989C4BF25F6A72AA08,[1190]微电子学院,2024,2024,00024,电子信息类W,96F154F3AEA94D8DAA24EE1E7ED38F24,电子信息类W2402班
C79E9E7D7F3D4D989C4BF25F6A72AA08,[1190]微电子学院,2024,2024,00024,电子信息类W,8B5A3D4BB16B47EBA13AF04D925DB8FA,电子信息类W2403班
C79E9E7D7F3D4D989C4BF25F6A72AA08,[1190]微电子学院,2024,2024,00027,电子科学与技术,192D84541F5A4628B86847F4CC6A82EB,电子科学与技术2401班
C79E9E7D7F3D4D989C4BF25F6A72AA08,[1190]微电子学院,2024,2024,00027,电子科学与技术,42D3AC4DC72448E397C91241EC8EA9B0,电子科学与技术2402班
C79E9E7D7F3D4D989C4BF25F6A72AA08,[1190]微电子学院,2024,2024,00027,电子科学与技术,CAFBF25682EA42AFA0EAF2A4622F8EA5,电子科学与技术产业2403班
C79E9E7D7F3D4D989C4BF25F6A72AA08,[1190]微电子学院,2024,2024,00027,电子科学与技术,1E75935EC0BE4FF8B500DB5ADBFD10EB,电子科学与技术产业2404班
C79E9E7D7F3D4D989C4BF25F6A72AA08,[1190]微电子学院,2024,2024,00217,微电子科学与工程,D4728B2BFAF040138BB30F3E099ECD39,微电子科学与工程(产业)2403班
C79E9E7D7F3D4D989C4BF25F6A72AA08,[1190]微电子学院,2024,2024,00217,微电子科学与工程,B1AF314AC37E4DE89FA7A89C52DDC11A,微电子科学与工程(产业)2404班
C79E9E7D7F3D4D989C4BF25F6A72AA08,[1190]微电子学院,2024,2024,00217,微电子科学与工程,77B440177DC242BEBAF73B9F8BC536D4,微电子科学与工程2401班
C79E9E7D7F3D4D989C4BF25F6A72AA08,[1190]微电子学院,2024,2024,00217,微电子科学与工程,F9CACC8743634E49B34E41E96100FE19,微电子科学与工程2402班
C79E9E7D7F3D4D989C4BF25F6A72AA08,[1190]微电子学院,2024,2024,0BC62C57EBFC4CC095E6CACF170BC27F,光电信息科学与工程,3CC1931BAD7F486AB9908B88A831F566,光电信息科学与工程2401班
C79E9E7D7F3D4D989C4BF25F6A72AA08,[1190]微电子学院,2024,2024,1A99422EBFBD4F57A8798202CB46D314,集成电路设计与集成系统,7287474D9F63490BAA3DC888A9BC07F9,集成电路设计与集成系统2401班
C79E9E7D7F3D4D989C4BF25F6A72AA08,[1190]微电子学院,2024,2024,1A99422EBFBD4F57A8798202CB46D314,集成电路设计与集成系统,07403A491FF34421AC455BF77F8D7295,集成电路设计与集成系统2402班
C79E9E7D7F3D4D989C4BF25F6A72AA08,[1190]微电子学院,2024,2024,1A99422EBFBD4F57A8798202CB46D314,集成电路设计与集成系统,B254C374B93D4716B840620F4A6E2C21,集成电路设计与集成系统2403班
C79E9E7D7F3D4D989C4BF25F6A72AA08,[1190]微电子学院,2024,2024,C0DAE99AC6F54B14B7AAB1B278700FAC,辅修 电子科学与技术,BB5C7E07901A4E35973B18EE753136F2,辅修电子科学与技术2401班
C79E9E7D7F3D4D989C4BF25F6A72AA08,[1190]微电子学院,2023,2023,00024,电子信息类W,AAA15DAA6DDA4258B0F6A10A44E7213A,电子信息类W2301班
C79E9E7D7F3D4D989C4BF25F6A72AA08,[1190]微电子学院,2023,2023,00024,电子信息类W,99AEDD48F08A44928CB6230C5E73B1AA,电子信息类W2302班
C79E9E7D7F3D4D989C4BF25F6A72AA08,[1190]微电子学院,2023,2023,00027,电子科学与技术,0C96F381D94A469A821BC2DD0882EEFA,电子科学与技术2301班
C79E9E7D7F3D4D989C4BF25F6A72AA08,[1190]微电子学院,2023,2023,00027,电子科学与技术,66D66DE8266E4BA3B157E0F4105E3773,电子科学与技术产业2302班
C79E9E7D7F3D4D989C4BF25F6A72AA08,[1190]微电子学院,2023,2023,00027,电子科学与技术,2C29EA093EDB43609070B67BC19EFAB7,电子科学与技术产业2303班
C79E9E7D7F3D4D989C4BF25F6A72AA08,[1190]微电子学院,2023,2023,00217,微电子科学与工程,B2943E4B5B5C4BD1A0BE2688C99DF763,微电子科学与工程(产业)2303班
C79E9E7D7F3D4D989C4BF25F6A72AA08,[1190]微电子学院,2023,2023,00217,微电子科学与工程,53B7A892023F4C7BAB403F3E1982551A,微电子科学与工程2301班
C79E9E7D7F3D4D989C4BF25F6A72AA08,[1190]微电子学院,2023,2023,00217,微电子科学与工程,5D43F51F007B4DF7B1E65A0FFF3102DA,微电子科学与工程2302班
C79E9E7D7F3D4D989C4BF25F6A72AA08,[1190]微电子学院,2023,2023,0BC62C57EBFC4CC095E6CACF170BC27F,光电信息科学与工程,374EA33B44F948D8A883153E479B4D31,光电信息科学与工程2301班
C79E9E7D7F3D4D989C4BF25F6A72AA08,[1190]微电子学院,2023,2023,1A99422EBFBD4F57A8798202CB46D314,集成电路设计与集成系统,51F0EBDE0E2D40CD841E0A9E2CF1326B,集成电路设计与集成系统2301班
C79E9E7D7F3D4D989C4BF25F6A72AA08,[1190]微电子学院,2023,2023,1A99422EBFBD4F57A8798202CB46D314,集成电路设计与集成系统,351F05D8EA994EBC8FD31EA65606748E,集成电路设计与集成系统2302班
C79E9E7D7F3D4D989C4BF25F6A72AA08,[1190]微电子学院,2023,2023,C0DAE99AC6F54B14B7AAB1B278700FAC,辅修 电子科学与技术,27B1312DC9A64821B70465F8C49C21AA,辅修电子科学与技术2301班
C79E9E7D7F3D4D989C4BF25F6A72AA08,[1190]微电子学院,2023,2023,F0AD00982E564BD59E2EC35DC32F530C,辅修 微电子科学与工程,B60923CE4AB342C48C2316E251E99787,辅修微电子科学与工程2301班
C79E9E7D7F3D4D989C4BF25F6A72AA08,[1190]微电子学院,2022,2022,00024,电子信息类W,40D8EACA62D04E11B544A11F2DC5F1C4,电子信息类W2201班
C79E9E7D7F3D4D989C4BF25F6A72AA08,[1190]微电子学院,2022,2022,00024,电子信息类W,C255992914B941DEBD0D86A24C49A9B6,电子信息类W2202班
C79E9E7D7F3D4D989C4BF25F6A72AA08,[1190]微电子学院,2022,2022,00027,电子科学与技术,BB124FBC3C9C4E6395F116E78AA46430,电子科学与技术2201班
C79E9E7D7F3D4D989C4BF25F6A72AA08,[1190]微电子学院,2022,2022,00027,电子科学与技术,A33BCC33CFBB4958962A6B5A6CE260C0,电子科学与技术产业2202班
C79E9E7D7F3D4D989C4BF25F6A72AA08,[1190]微电子学院,2022,2022,00217,微电子科学与工程,7C9FF36BA6974BFEB93E1649AA76C123,微电子科学与工程(产业)2203班
C79E9E7D7F3D4D989C4BF25F6A72AA08,[1190]微电子学院,2022,2022,00217,微电子科学与工程,04FD55818E6348FC9F21AA8E988D4F55,微电子科学与工程2201班
C79E9E7D7F3D4D989C4BF25F6A72AA08,[1190]微电子学院,2022,2022,00217,微电子科学与工程,894A3D7DEEAA42D8B13E84F4A8F8199F,微电子科学与工程2202班
C79E9E7D7F3D4D989C4BF25F6A72AA08,[1190]微电子学院,2022,2022,0BC62C57EBFC4CC095E6CACF170BC27F,光电信息科学与工程,F069C0B3CC574D02B4A8336E16B8E498,光电信息科学与工程2201班
C79E9E7D7F3D4D989C4BF25F6A72AA08,[1190]微电子学院,2022,2022,1A99422EBFBD4F57A8798202CB46D314,集成电路设计与集成系统,0926E1E638144252AF90E90EF2317255,集成电路设计与集成系统2201班
C79E9E7D7F3D4D989C4BF25F6A72AA08,[1190]微电子学院,2022,2022,1A99422EBFBD4F57A8798202CB46D314,集成电路设计与集成系统,A9CE077B29B94F16A9DCB864AD0A1800,集成电路设计与集成系统2202班
C79E9E7D7F3D4D989C4BF25F6A72AA08,[1190]微电子学院,2022,2022,C0DAE99AC6F54B14B7AAB1B278700FAC,辅修 电子科学与技术,B2C972AF107D4CA7B4924CF0FAB59F31,辅修电子科学与技术2201班
C79E9E7D7F3D4D989C4BF25F6A72AA08,[1190]微电子学院,2022,2022,F0AD00982E564BD59E2EC35DC32F530C,辅修 微电子科学与工程,5AC5DB593B2A44369D80C61C9A76B570,辅修微电子科学与工程2201班
0F954E8A8E7F4E75BDD60D4005BB7592,[1200]网络空间安全学院,2025,2025,00201,信息安全,9FEAD7EAE6EA4A34B0EF49B15E429031,信息安全2501班
0F954E8A8E7F4E75BDD60D4005BB7592,[1200]网络空间安全学院,2025,2025,00201,信息安全,22591C6525644B4280582C590B2AABD3,信息安全2502班
0F954E8A8E7F4E75BDD60D4005BB7592,[1200]网络空间安全学院,2025,2025,00201,信息安全,D9F2EB7CACF2413EBEE5B9CFF217DD46,信息安全2503班
0F954E8A8E7F4E75BDD60D4005BB7592,[1200]网络空间安全学院,2025,2025,00201,信息安全,2E544CDCAC2F43EF82416C17AE0F55F3,信息安全2504班
0F954E8A8E7F4E75BDD60D4005BB7592,[1200]网络空间安全学院,2025,2025,B520A024F2B7417B9E91830AA74D8919,密码科学与技术,9E5CEE39F0FE4A08889613C114B3747F,密码科学与技术2501班
0F954E8A8E7F4E75BDD60D4005BB7592,[1200]网络空间安全学院,2025,2025,B520A024F2B7417B9E91830AA74D8919,密码科学与技术,18D09187CB0041CCBDE92693A2267769,密码科学与技术2502班
0F954E8A8E7F4E75BDD60D4005BB7592,[1200]网络空间安全学院,2024,2024,00201,信息安全,5D229C5D161243EFAD9C2AB818305CB6,信息安全2401班
0F954E8A8E7F4E75BDD60D4005BB7592,[1200]网络空间安全学院,2024,2024,00201,信息安全,52A11873CE754702B3A67266131B961C,信息安全2402班
0F954E8A8E7F4E75BDD60D4005BB7592,[1200]网络空间安全学院,2024,2024,00201,信息安全,309969E58DEC47669FEEF9400BB50446,信息安全2403班
0F954E8A8E7F4E75BDD60D4005BB7592,[1200]网络空间安全学院,2024,2024,00201,信息安全,D5F4A0AF6D7745A085DED14A52523E38,信息安全2404班
0F954E8A8E7F4E75BDD60D4005BB7592,[1200]网络空间安全学院,2024,2024,B520A024F2B7417B9E91830AA74D8919,密码科学与技术,46005AD4037D4037B8B2A185ABFA4565,密码科学与技术2401班
0F954E8A8E7F4E75BDD60D4005BB7592,[1200]网络空间安全学院,2024,2024,B520A024F2B7417B9E91830AA74D8919,密码科学与技术,5203006CBA0D4880A2D09258587F09D2,密码科学与技术2402班
0F954E8A8E7F4E75BDD60D4005BB7592,[1200]网络空间安全学院,2023,2023,00201,信息安全,2240D802365645BCB5F0C798BDF9E5B3,信息安全2301班
0F954E8A8E7F4E75BDD60D4005BB7592,[1200]网络空间安全学院,2023,2023,00201,信息安全,50EC6DEC7C904668B7C3BEFA70148534,信息安全2302班
0F954E8A8E7F4E75BDD60D4005BB7592,[1200]网络空间安全学院,2023,2023,00201,信息安全,BC9996769E564F65BEAB5D93AC1299AA,信息安全2303班
0F954E8A8E7F4E75BDD60D4005BB7592,[1200]网络空间安全学院,2023,2023,00201,信息安全,E8D1EC89DAB44B7ABDBEC1D9B0CDF836,信息安全2304班
0F954E8A8E7F4E75BDD60D4005BB7592,[1200]网络空间安全学院,2023,2023,B520A024F2B7417B9E91830AA74D8919,密码科学与技术,586E98C21AFD47C587DDFAD4A78747B1,密码科学与技术2301班
0F954E8A8E7F4E75BDD60D4005BB7592,[1200]网络空间安全学院,2023,2023,B520A024F2B7417B9E91830AA74D8919,密码科学与技术,42C6419C8B7B4AD084306E70ABA4779A,密码科学与技术2302班
0F954E8A8E7F4E75BDD60D4005BB7592,[1200]网络空间安全学院,2022,2022,00201,信息安全,FAA2E473D8F0444C910942FCC99514C2,信息安全2201班
0F954E8A8E7F4E75BDD60D4005BB7592,[1200]网络空间安全学院,2022,2022,00201,信息安全,95C5600314F5429AA576FB9ECACD4BB7,信息安全2202班
0F954E8A8E7F4E75BDD60D4005BB7592,[1200]网络空间安全学院,2022,2022,00201,信息安全,12BF373A64B44FE6A771797B1171FE45,信息安全2203班
0F954E8A8E7F4E75BDD60D4005BB7592,[1200]网络空间安全学院,2022,2022,00201,信息安全,75D74CCA276546308DCF30CCBB890802,信息安全2204班
0F954E8A8E7F4E75BDD60D4005BB7592,[1200]网络空间安全学院,2022,2022,B520A024F2B7417B9E91830AA74D8919,密码科学与技术,9F59F74BCCE0487288A6C648625E491C,密码科学与技术2201班
0F954E8A8E7F4E75BDD60D4005BB7592,[1200]网络空间安全学院,2022,2022,B520A024F2B7417B9E91830AA74D8919,密码科学与技术,72748551FD284342862D311CA28C3606,密码科学与技术2202班
21303784FA05422FAF719602C1944B7E,[1210]人工智能学院,2025,2025,35BAE84CBC3A49AD8E70201876619CE5,电子信息类J,0A4954B957CC44D693FACD6F209F6CA0,电子信息类J2501班
21303784FA05422FAF719602C1944B7E,[1210]人工智能学院,2025,2025,35BAE84CBC3A49AD8E70201876619CE5,电子信息类J,580538CDDF2649498979CD98CF0CD61B,电子信息类J2502班
21303784FA05422FAF719602C1944B7E,[1210]人工智能学院,2025,2025,35BAE84CBC3A49AD8E70201876619CE5,电子信息类J,3A6408435ED14D58AF7B56575DECC55F,电子信息类J2503班
21303784FA05422FAF719602C1944B7E,[1210]人工智能学院,2025,2025,DC243A2A8DF94A1F8DEF758FC52B972E,人工智能,C42EFD3C71A94D7DBB9536FAA1406658,人工智能2501班
21303784FA05422FAF719602C1944B7E,[1210]人工智能学院,2025,2025,DC243A2A8DF94A1F8DEF758FC52B972E,人工智能,02A5B0D22E5B4E969DEA229B0AB0815D,人工智能2502班
21303784FA05422FAF719602C1944B7E,[1210]人工智能学院,2025,2025,A7C76ECEAADD48E9B7C6DEF0BC39F90C,智能感知工程,FB3891CD24444D039EF65C57D8BB77BC,智能感知工程2501班
21303784FA05422FAF719602C1944B7E,[1210]人工智能学院,2024,2024,35BAE84CBC3A49AD8E70201876619CE5,电子信息类J,CF89B1A7EC7449488EA2A9BBE111A1AA,电子信息类J2401班
21303784FA05422FAF719602C1944B7E,[1210]人工智能学院,2024,2024,35BAE84CBC3A49AD8E70201876619CE5,电子信息类J,C67407C55CA1498DA34F7C7F29A9B23E,电子信息类J2402班
21303784FA05422FAF719602C1944B7E,[1210]人工智能学院,2024,2024,35BAE84CBC3A49AD8E70201876619CE5,电子信息类J,2C7F6A30ED71492F81DA5BAD4D541968,电子信息类J2403班
21303784FA05422FAF719602C1944B7E,[1210]人工智能学院,2024,2024,00026,电子信息工程,F08ACE09444D48F380EC1B48C27F5B69,电子信息工程2401班
21303784FA05422FAF719602C1944B7E,[1210]人工智能学院,2024,2024,00028,通信工程,9307347951BC4B20A25E7EFD70B89562,通信工程2401班
21303784FA05422FAF719602C1944B7E,[1210]人工智能学院,2024,2024,00028,通信工程,84944943CC9545EC9DB3F8F04F249D8B,通信工程2402班
21303784FA05422FAF719602C1944B7E,[1210]人工智能学院,2024,2024,DC243A2A8DF94A1F8DEF758FC52B972E,人工智能,DBAEDC21EE6F4B49BA954218A5297A42,人工智能2401班
21303784FA05422FAF719602C1944B7E,[1210]人工智能学院,2024,2024,DC243A2A8DF94A1F8DEF758FC52B972E,人工智能,6E6085D8C83243A397F64850FBC1BF0F,人工智能2402班
21303784FA05422FAF719602C1944B7E,[1210]人工智能学院,2024,2024,A7C76ECEAADD48E9B7C6DEF0BC39F90C,智能感知工程,C9D84BCFCD5442A19A21F0C4FB97203C,智能感知工程2401班
21303784FA05422FAF719602C1944B7E,[1210]人工智能学院,2023,2023,35BAE84CBC3A49AD8E70201876619CE5,电子信息类J,54B8DC79155D4CD6B28762CDE1E85129,电子信息类J2301班
21303784FA05422FAF719602C1944B7E,[1210]人工智能学院,2023,2023,35BAE84CBC3A49AD8E70201876619CE5,电子信息类J,DF91B47D93954E6E9210F39C733ABD0E,电子信息类J2302班
21303784FA05422FAF719602C1944B7E,[1210]人工智能学院,2023,2023,35BAE84CBC3A49AD8E70201876619CE5,电子信息类J,CDF2B03CCE284636906596CE358EE8E2,电子信息类J2303班
21303784FA05422FAF719602C1944B7E,[1210]人工智能学院,2023,2023,00026,电子信息工程,785C0A1CAA024F59B5803AC3D637B0E9,电子信息工程2301班
21303784FA05422FAF719602C1944B7E,[1210]人工智能学院,2023,2023,00028,通信工程,8B93C2177734462BA145AFD57391B0EF,通信工程2301班
21303784FA05422FAF719602C1944B7E,[1210]人工智能学院,2023,2023,00028,通信工程,BBF3C2E000CA44898C6997DE783AAC0B,通信工程2302班
21303784FA05422FAF719602C1944B7E,[1210]人工智能学院,2023,2023,DC243A2A8DF94A1F8DEF758FC52B972E,人工智能,B95B6922D27B4288BFC28F34ABCF55D0,人工智能2301班
21303784FA05422FAF719602C1944B7E,[1210]人工智能学院,2023,2023,DC243A2A8DF94A1F8DEF758FC52B972E,人工智能,F15E71010E1D433BA9B2074C8BC0D8FA,人工智能2302班
21303784FA05422FAF719602C1944B7E,[1210]人工智能学院,2023,2023,FC3AF9B3198648E195D66F402E17600F,物联网工程,0D8631DABA634B2BB5DEA79A932673D0,物联网工程2301班
21303784FA05422FAF719602C1944B7E,[1210]人工智能学院,2022,2022,35BAE84CBC3A49AD8E70201876619CE5,电子信息类J,DDE6E0C48C5D447F825C0F7BDA54A716,电子信息类J2201班
21303784FA05422FAF719602C1944B7E,[1210]人工智能学院,2022,2022,35BAE84CBC3A49AD8E70201876619CE5,电子信息类J,BE285B95986A43078FEECA8FA057DCC1,电子信息类J2202班
21303784FA05422FAF719602C1944B7E,[1210]人工智能学院,2022,2022,35BAE84CBC3A49AD8E70201876619CE5,电子信息类J,921DA339E51A4CA285A75A40B918E0DE,电子信息类J2203班
21303784FA05422FAF719602C1944B7E,[1210]人工智能学院,2022,2022,00026,电子信息工程,F23473CA347D48F2B8C17769675EF2AC,电子信息工程2201班
21303784FA05422FAF719602C1944B7E,[1210]人工智能学院,2022,2022,00028,通信工程,6FE9C9B65D444C3BA8F388892B731AE7,通信工程2201班
21303784FA05422FAF719602C1944B7E,[1210]人工智能学院,2022,2022,00028,通信工程,3C8FDABDD1A24AEFA8F018F1B61F9597,通信工程2202班
21303784FA05422FAF719602C1944B7E,[1210]人工智能学院,2022,2022,DC243A2A8DF94A1F8DEF758FC52B972E,人工智能,61141ADFED84419AB1BB1BBDC1CAD411,人工智能2201班
21303784FA05422FAF719602C1944B7E,[1210]人工智能学院,2022,2022,DC243A2A8DF94A1F8DEF758FC52B972E,人工智能,3F52CBE9067F425EB3CD5C1452888010,人工智能2202班
21303784FA05422FAF719602C1944B7E,[1210]人工智能学院,2022,2022,FC3AF9B3198648E195D66F402E17600F,物联网工程,68343CFE1AE748FAA22222FC4292532F,物联网工程2201班
95C43D14570548DCBCC685DE01B69A16,[1230]湖北大学曼城联合学院,2025,2025,9B1E64C8833F4EC38FA4E142406537E8,材料科学与工程(曼),73AEE4FE8C1A4A19B69A3A0832E38494,材料科学与工程(曼)2501班
95C43D14570548DCBCC685DE01B69A16,[1230]湖北大学曼城联合学院,2025,2025,9B1E64C8833F4EC38FA4E142406537E8,材料科学与工程(曼),03B85BEEB1204AA988E9E2EE4E492BC1,材料科学与工程(曼)2502班
95C43D14570548DCBCC685DE01B69A16,[1230]湖北大学曼城联合学院,2025,2025,069D1368C3464C91B9E0A38A9E369C23,软件工程(曼),781F3A4B65D54DEDA82DB2AD457EBA62,软件工程(曼)2501班
95C43D14570548DCBCC685DE01B69A16,[1230]湖北大学曼城联合学院,2025,2025,069D1368C3464C91B9E0A38A9E369C23,软件工程(曼),0896ABEC7DCD446B97AEE9CEFC2A0733,软件工程(曼)2502班
95C43D14570548DCBCC685DE01B69A16,[1230]湖北大学曼城联合学院,2025,2025,C3829FECDB5B4B4DB9F30D6B7F9550CB,电子信息工程(曼),6C8D622192E54858B402C8A29E332019,电子信息工程(曼)2501班
95C43D14570548DCBCC685DE01B69A16,[1230]湖北大学曼城联合学院,2025,2025,C3829FECDB5B4B4DB9F30D6B7F9550CB,电子信息工程(曼),EB4483F723604CF2B8AF99BFB2EBA220,电子信息工程(曼)2502班
95C43D14570548DCBCC685DE01B69A16,[1230]湖北大学曼城联合学院,2024,2024,9B1E64C8833F4EC38FA4E142406537E8,材料科学与工程(曼),3F6D7154C15C4F278062669E4B1FD1FA,材料科学与工程(曼)2401班
95C43D14570548DCBCC685DE01B69A16,[1230]湖北大学曼城联合学院,2024,2024,9B1E64C8833F4EC38FA4E142406537E8,材料科学与工程(曼),CF813BBF574A4707A430179F56AD7605,材料科学与工程(曼)2402班
95C43D14570548DCBCC685DE01B69A16,[1230]湖北大学曼城联合学院,2024,2024,069D1368C3464C91B9E0A38A9E369C23,软件工程(曼),389D66718C274C608DE3720E19FF6B18,软件工程(曼)2401班
95C43D14570548DCBCC685DE01B69A16,[1230]湖北大学曼城联合学院,2024,2024,069D1368C3464C91B9E0A38A9E369C23,软件工程(曼),5651CFD23F754EEDAD706F8B76355E44,软件工程(曼)2402班
95C43D14570548DCBCC685DE01B69A16,[1230]湖北大学曼城联合学院,2024,2024,C3829FECDB5B4B4DB9F30D6B7F9550CB,电子信息工程(曼),70E8E0C2B3FB485693292D96E2EAF852,电子信息工程(曼)2401班
95C43D14570548DCBCC685DE01B69A16,[1230]湖北大学曼城联合学院,2024,2024,C3829FECDB5B4B4DB9F30D6B7F9550CB,电子信息工程(曼),804BEEDAE1B24AF4B255137A543B2FBD,电子信息工程(曼)2402班
95C43D14570548DCBCC685DE01B69A16,[1230]湖北大学曼城联合学院,2023,2023,9B1E64C8833F4EC38FA4E142406537E8,材料科学与工程(曼),8096AB33A5624B19995FE8FBFF4B2A45,材料科学与工程(曼)2301班
95C43D14570548DCBCC685DE01B69A16,[1230]湖北大学曼城联合学院,2023,2023,9B1E64C8833F4EC38FA4E142406537E8,材料科学与工程(曼),41A177D90B364402A328DDC4753EFE6C,材料科学与工程(曼)2302班
95C43D14570548DCBCC685DE01B69A16,[1230]湖北大学曼城联合学院,2023,2023,069D1368C3464C91B9E0A38A9E369C23,软件工程(曼),203F47C31AB54AA1B2D2C28ABBC49D12,软件工程(曼)2301班
95C43D14570548DCBCC685DE01B69A16,[1230]湖北大学曼城联合学院,2023,2023,069D1368C3464C91B9E0A38A9E369C23,软件工程(曼),7E7571C065CB4E0F909A7C43FE420662,软件工程(曼)2302班
95C43D14570548DCBCC685DE01B69A16,[1230]湖北大学曼城联合学院,2023,2023,C3829FECDB5B4B4DB9F30D6B7F9550CB,电子信息工程(曼),CE77014BEEB54F119461EE10EDDF0D01,电子信息工程(曼)2301班
95C43D14570548DCBCC685DE01B69A16,[1230]湖北大学曼城联合学院,2023,2023,C3829FECDB5B4B4DB9F30D6B7F9550CB,电子信息工程(曼),6A80959FC67B4AD69E4536CA4E2C42A1,电子信息工程(曼)2302班
95C43D14570548DCBCC685DE01B69A16,[1230]湖北大学曼城联合学院,2022,2022,9B1E64C8833F4EC38FA4E142406537E8,材料科学与工程(曼),592CE260724E4B33832DDC6A1DD82506,材料科学与工程(曼)2201班
95C43D14570548DCBCC685DE01B69A16,[1230]湖北大学曼城联合学院,2022,2022,9B1E64C8833F4EC38FA4E142406537E8,材料科学与工程(曼),F1B2C3F719E04899812311681E183A44,材料科学与工程(曼)2202班
95C43D14570548DCBCC685DE01B69A16,[1230]湖北大学曼城联合学院,2022,2022,069D1368C3464C91B9E0A38A9E369C23,软件工程(曼),87954C176EE040E4B2E769B8DD7E7A58,软件工程(曼)2201班
95C43D14570548DCBCC685DE01B69A16,[1230]湖北大学曼城联合学院,2022,2022,069D1368C3464C91B9E0A38A9E369C23,软件工程(曼),5EB952B0D36548FF9E670C557E84EA3A,软件工程(曼)2202班
95C43D14570548DCBCC685DE01B69A16,[1230]湖北大学曼城联合学院,2022,2022,C3829FECDB5B4B4DB9F30D6B7F9550CB,电子信息工程(曼),234F73AB0A0F450DA2E63B0113119827,电子信息工程(曼)2201班
95C43D14570548DCBCC685DE01B69A16,[1230]湖北大学曼城联合学院,2022,2022,C3829FECDB5B4B4DB9F30D6B7F9550CB,电子信息工程(曼),95F9B8F4DAC34EFDBFDE2B33CA6C1F6D,电子信息工程(曼)2202班
00026,[1250]法学院,2025,2025,00003,法学,ABA1F5DA0E204D1E8395989DB3BB92D1,法学2501班
00026,[1250]法学院,2025,2025,00003,法学,55B3B0CF449D440CB72714DCE95F539B,法学2502班
00026,[1250]法学院,2024,2024,00003,法学,74CABDDAD4364971A4187107D93E7C7F,法学(实验班)2401班
00026,[1250]法学院,2024,2024,00003,法学,2B0DCB056C3148CBB6C81170B03D7809,法学(卓越班)2402班
00026,[1250]法学院,2024,2024,00003,法学,CDD07A98AB91495094010CF112B1A749,法学(卓越班)2403班
00026,[1250]法学院,2024,2024,00003,法学,A83A75BA2C514FD1960EAB57EA8DFB98,法学(卓越班)2404班
00026,[1250]法学院,2024,2024,00003,法学,53F92B88257642108467780FC84A37E0,法学(卓越班)2405班
00026,[1250]法学院,2024,2024,00159,辅修 法学,47095AB8B64C448FBCFB30CF6100EA2D,辅修法学2401班
00026,[1250]法学院,2023,2023,00003,法学,7C1FD6D91DE1494C890562F9E3639342,法学(实验班)2301班
00026,[1250]法学院,2023,2023,00003,法学,5F90530D18844B09834F2E0A31EE6AFE,法学(卓越班)2302班
00026,[1250]法学院,2023,2023,00003,法学,5569BC78F016419B84988A0CE668E2D1,法学(卓越班)2303班
00026,[1250]法学院,2023,2023,00159,辅修 法学,F14533413B8C42709A811C0D06153958,辅修法学2301班
00026,[1250]法学院,2022,2022,00003,法学,99DE3C57E3BE4555ACFF87D7981BF97F,法学(实验班)2201班
00026,[1250]法学院,2022,2022,00003,法学,A03F6A0F69AE45958D6E9447A956F14C,法学(卓越班)2202班
00026,[1250]法学院,2022,2022,00159,辅修 法学,98D0F1AC554540C19628C9DF41444258,辅修法学2201班
2792BDD319224F49974D0CE1CEC242DC,[1260]旅游学院,2025,2025,00075,旅游管理,D6CE9D8C8775441697C256272EC0E32B,旅游管理(数字文旅创新班)2501班
2792BDD319224F49974D0CE1CEC242DC,[1260]旅游学院,2025,2025,00213,人文地理与城乡规划,ED164448761B478CA5ADF65983657E7A,人文地理与城乡规划2501班
2792BDD319224F49974D0CE1CEC242DC,[1260]旅游学院,2024,2024,00075,旅游管理,D202B86A5737402681F79AA8FE9E0E22,旅游管理2401班
2792BDD319224F49974D0CE1CEC242DC,[1260]旅游学院,2024,2024,00213,人文地理与城乡规划,0921795E1BE048E8BF206EFF0BF9AA85,人文地理与城乡规划2401班
2792BDD319224F49974D0CE1CEC242DC,[1260]旅游学院,2023,2023,00075,旅游管理,2C9AE7AEE83B49F09740B198205898D8,旅游管理2301班
2792BDD319224F49974D0CE1CEC242DC,[1260]旅游学院,2023,2023,00213,人文地理与城乡规划,5C923C06FD5B4F0983A31E69A1256560,人文地理与城乡规划2301班
2792BDD319224F49974D0CE1CEC242DC,[1260]旅游学院,2022,2022,00075,旅游管理,69FCFC3921984B5D97CEEAED0A4C89CB,人文地理与城乡规划2201班
2792BDD319224F49974D0CE1CEC242DC,[1260]旅游学院,2022,2022,00213,人文地理与城乡规划,69FCFC3921984B5D97CEEAED0A4C89CB,人文地理与城乡规划2201班
00AEEE8B2E7B4DECA0C19930C559E329,[1270]健康科学与工程学院,2025,2025,00219,药学,19B0BE77093A4E6B812B19109FD7B210,生物医学工程2501班
00AEEE8B2E7B4DECA0C19930C559E329,[1270]健康科学与工程学院,2025,2025,00219,药学,315698E22256414D9C7628D79D0C9FC9,药学2501班
00AEEE8B2E7B4DECA0C19930C559E329,[1270]健康科学与工程学院,2025,2025,00219,药学,809835628AC6472CBD921F45CC2C112E,药学2502班
00AEEE8B2E7B4DECA0C19930C559E329,[1270]健康科学与工程学院,2025,2025,7D01C3AE608B4C2595D7B91F29F246CB,制药工程,5A954418D31A4CA58BB4D8CD94886E5F,制药工程2501班
00AEEE8B2E7B4DECA0C19930C559E329,[1270]健康科学与工程学院,2025,2025,B6A11693F45249EDA430E16D0A0A504D,食品安全与检测,60EC05226CC744E5A3138FC8293B9B28,食品安全与检测2501班
00AEEE8B2E7B4DECA0C19930C559E329,[1270]健康科学与工程学院,2025,2025,88B7CD82CD36464592ACA14CB6345235,生物医学工程,19B0BE77093A4E6B812B19109FD7B210,生物医学工程2501班
00AEEE8B2E7B4DECA0C19930C559E329,[1270]健康科学与工程学院,2024,2024,00219,药学,105EADC6DCBC4AE49AB229FA5D06611F,药学(产业)2401班
00AEEE8B2E7B4DECA0C19930C559E329,[1270]健康科学与工程学院,2024,2024,00219,药学,E9BB4F84F7924E548ED4B3E7A190C7D5,药学(卓越)2402班
00AEEE8B2E7B4DECA0C19930C559E329,[1270]健康科学与工程学院,2024,2024,7D01C3AE608B4C2595D7B91F29F246CB,制药工程,EEFCEA3CCA504F03BFDBF93171DFD3F7,制药工程2401班
00AEEE8B2E7B4DECA0C19930C559E329,[1270]健康科学与工程学院,2024,2024,B6A11693F45249EDA430E16D0A0A504D,食品安全与检测,F2295F0C9F2B4D03BDC3586BC26AB4CA,食品安全与检测2401班
00AEEE8B2E7B4DECA0C19930C559E329,[1270]健康科学与工程学院,2023,2023,00219,药学,4FB486BB4AF24C82B67970C3EF5F8921,药学(产业)2301班
00AEEE8B2E7B4DECA0C19930C559E329,[1270]健康科学与工程学院,2023,2023,00219,药学,223BE535EE404D25BBCC339DA8C9BD5A,药学(卓越)2302班
00AEEE8B2E7B4DECA0C19930C559E329,[1270]健康科学与工程学院,2023,2023,7D01C3AE608B4C2595D7B91F29F246CB,制药工程,8AE4536E29EC455F8DF4D688F651EA84,制药工程2301班
00AEEE8B2E7B4DECA0C19930C559E329,[1270]健康科学与工程学院,2023,2023,B6A11693F45249EDA430E16D0A0A504D,食品安全与检测,20A2C97B31A549A98149790613D0BD0C,食品安全与检测2301班
00AEEE8B2E7B4DECA0C19930C559E329,[1270]健康科学与工程学院,2022,2022,00219,药学,8F731988ADAE49359454C768B429E8C7,药学(产业)2201班
00AEEE8B2E7B4DECA0C19930C559E329,[1270]健康科学与工程学院,2022,2022,00219,药学,914BCA669D5840AEB4B210DFF7568D42,药学(卓越)2202班
00AEEE8B2E7B4DECA0C19930C559E329,[1270]健康科学与工程学院,2022,2022,7D01C3AE608B4C2595D7B91F29F246CB,制药工程,266363CA9F354B1B9ABB197AA2B825FC,制药工程2201班
083A12482A9443898A9933AEDD17FF87,[1280]新能源与电气工程学院,2025,2025,00218,新能源材料与器件,E4C4DAAC6E5D477C8DBF206C46EB71D9,新能源材料与器件2501班
083A12482A9443898A9933AEDD17FF87,[1280]新能源与电气工程学院,2025,2025,00218,新能源材料与器件,C59B6FE0EC9C42A6A9B124F99F4229C5,新能源材料与器件2502班
083A12482A9443898A9933AEDD17FF87,[1280]新能源与电气工程学院,2025,2025,00218,新能源材料与器件,AF69351E0B15442C8DFE8EF63B13510E,新能源材料与器件2503班
083A12482A9443898A9933AEDD17FF87,[1280]新能源与电气工程学院,2025,2025,0E4AE77B61E948B38B38DD496CCAE69C,电气工程及其自动化,5C1134AAA4514A0FAF8D4FF071DC8DDD,电气工程及其自动化2501班
083A12482A9443898A9933AEDD17FF87,[1280]新能源与电气工程学院,2025,2025,0E4AE77B61E948B38B38DD496CCAE69C,电气工程及其自动化,CDB09FDC86664AE08507FEB51A027C89,电气工程及其自动化2502班
083A12482A9443898A9933AEDD17FF87,[1280]新能源与电气工程学院,2025,2025,0E4AE77B61E948B38B38DD496CCAE69C,电气工程及其自动化,6DFF85157DF94F9687933131BD10B2EC,电气工程及其自动化2503班
083A12482A9443898A9933AEDD17FF87,[1280]新能源与电气工程学院,2024,2024,00218,新能源材料与器件,9BEBBF34FBD444408571BFE03FE8DA40,新能源材料与器件2401班
083A12482A9443898A9933AEDD17FF87,[1280]新能源与电气工程学院,2024,2024,00218,新能源材料与器件,74206F144EA44EE2A911CE9BF78134ED,新能源材料与器件2402班
083A12482A9443898A9933AEDD17FF87,[1280]新能源与电气工程学院,2024,2024,00218,新能源材料与器件,5617F954B8A141EEBE8C55151AB27575,新能源材料与器件2403班
083A12482A9443898A9933AEDD17FF87,[1280]新能源与电气工程学院,2023,2023,00218,新能源材料与器件,F5C7B7CB09D243BA942D2295EE61B12E,新能源材料与器件2301班
083A12482A9443898A9933AEDD17FF87,[1280]新能源与电气工程学院,2023,2023,00218,新能源材料与器件,4091537708644AEFABB86F84A8E9B96D,新能源材料与器件2302班
083A12482A9443898A9933AEDD17FF87,[1280]新能源与电气工程学院,2022,2022,00218,新能源材料与器件,CA352C6D9F45438595AA776791865957,新能源材料与器件2201班
083A12482A9443898A9933AEDD17FF87,[1280]新能源与电气工程学院,2022,2022,00218,新能源材料与器件,A17C49814B1B4B2A8B5CC718D5141A5D,新能源材料与器件2202班
8CD6954752B8474BB8D4BA4C1AEE1FC2,[1290]智能制造学院,2025,2025,AAC8147E0848428F84154E355EE20659,智能制造工程,0D0C7538EFBF49C9A0A6920FBF744084,智能制造工程2501班
8CD6954752B8474BB8D4BA4C1AEE1FC2,[1290]智能制造学院,2025,2025,AAC8147E0848428F84154E355EE20659,智能制造工程,C1186376896547EBACB0C4EE2DE78306,智能制造工程2502班
8CD6954752B8474BB8D4BA4C1AEE1FC2,[1290]智能制造学院,2025,2025,158A11429FA8443EBB2191CF3EEE2A52,机器人工程,1654544915074EBDADFDA231034B4C76,机器人工程2501班
8CD6954752B8474BB8D4BA4C1AEE1FC2,[1290]智能制造学院,2025,2025,158A11429FA8443EBB2191CF3EEE2A52,机器人工程,E65C9F7340054AE2916B5F4ED3A420AB,机器人工程2502班
